model_url,status,added_at
https://www.tiresandwheels.com/catalog/tires/Hankook/SC328/Dynapro-ATm-RF10/,done,2026-06-23T01:04:21Z
https://www.tiresandwheels.com/catalog/tires/Hankook/SC329/Dynapro-MT-RT03/,done,2026-06-23T01:04:21Z
https://www.tiresandwheels.com/catalog/tires/Hankook/SC332/Dynapro-AT-RF08/,done,2026-06-23T01:04:21Z
https://www.tiresandwheels.com/catalog/tires/Hankook/SC337/Optimo-H418/,done,2026-06-23T01:04:21Z
https://www.tiresandwheels.com/catalog/tires/Hankook/SC338/Optimo-H725/,done,2026-06-23T01:04:21Z
https://www.tiresandwheels.com/catalog/tires/Hankook/SC339/Optimo-H725A/,done,2026-06-23T01:04:21Z
https://www.tiresandwheels.com/catalog/tires/Hankook/SC342/i*pike-RW11/,done,2026-06-23T01:04:21Z
https://www.tiresandwheels.com/catalog/tires/Hankook/SC344/Ventus-ST-RH06/,done,2026-06-23T01:04:21Z
https://www.tiresandwheels.com/catalog/tires/Hankook/SC346/Ventus-V4-es-H105/,done,2026-06-23T01:04:21Z
https://www.tiresandwheels.com/catalog/tires/Hankook/SC347/Ventus-V12-evo-K110/,done,2026-06-23T01:04:21Z
https://www.tiresandwheels.com/catalog/tires/Hankook/SC5518/DynaPro-AS/,done,2026-06-23T01:04:21Z
https://www.tiresandwheels.com/catalog/tires/Hankook/SC5519/DynaPro-AT-M-RF10-3PMS/,done,2026-06-23T01:04:21Z
https://www.tiresandwheels.com/catalog/tires/Hankook/SC5521/DynaPro-HP2-(RA33)/,done,2026-06-23T01:04:21Z
https://www.tiresandwheels.com/catalog/tires/Hankook/SC5522/DynaPro-HT-RH12/,done,2026-06-23T01:04:21Z
https://www.tiresandwheels.com/catalog/tires/Hankook/SC5524/H428/,done,2026-06-23T01:04:21Z
https://www.tiresandwheels.com/catalog/tires/Hankook/SC5525/Kinergy-Eco-K425/,done,2026-06-23T01:04:21Z
https://www.tiresandwheels.com/catalog/tires/Hankook/SC5526/Kinergy-GT-H436/,done,2026-06-23T01:04:21Z
https://www.tiresandwheels.com/catalog/tires/Hankook/SC5527/Kinergy-PT-H737/,done,2026-06-23T01:04:21Z
https://www.tiresandwheels.com/catalog/tires/Hankook/SC5528/Optimo-H426/,done,2026-06-23T01:04:21Z
https://www.tiresandwheels.com/catalog/tires/Hankook/SC5529/Optimo-H426B-RFT/,done,2026-06-23T01:04:21Z
https://www.tiresandwheels.com/catalog/tires/Hankook/SC5531/Optimo-H724/,done,2026-06-23T01:04:21Z
https://www.tiresandwheels.com/catalog/tires/Hankook/SC5534/Vantra-LT-RA18/,done,2026-06-23T01:04:21Z
https://www.tiresandwheels.com/catalog/tires/Hankook/SC5535/Ventus-AS/,done,2026-06-23T01:04:21Z
https://www.tiresandwheels.com/catalog/tires/Hankook/SC5536/Ventus-K115/,done,2026-06-23T01:04:21Z
https://www.tiresandwheels.com/catalog/tires/Hankook/SC5538/Ventus-S1-EVO/,done,2026-06-23T01:04:21Z
https://www.tiresandwheels.com/catalog/tires/Hankook/SC5539/Ventus-S1-evo2-K117/,done,2026-06-23T01:04:21Z
https://www.tiresandwheels.com/catalog/tires/Hankook/SC5540/Ventus-S1-evo2-K117B/,done,2026-06-23T01:04:21Z
https://www.tiresandwheels.com/catalog/tires/Hankook/SC5541/Ventus-S1-evo2-SUV-(K117A)/,done,2026-06-23T01:04:21Z
https://www.tiresandwheels.com/catalog/tires/Hankook/SC5542/Ventus-S1-Noble2-H452/,done,2026-06-23T01:04:21Z
https://www.tiresandwheels.com/catalog/tires/Hankook/SC5543/Ventus-V2-Concept-H457/,done,2026-06-23T01:04:21Z
https://www.tiresandwheels.com/catalog/tires/Hankook/SC5545/W310-Winter/,done,2026-06-23T01:04:21Z
https://www.tiresandwheels.com/catalog/tires/Hankook/SC5546/W409-Winter/,done,2026-06-23T01:04:21Z
https://www.tiresandwheels.com/catalog/tires/Hankook/SC5548/W419-Winter/,done,2026-06-23T01:04:21Z
https://www.tiresandwheels.com/catalog/tires/Hankook/SC5549/Winter-i*cept-iZ2-W616/,done,2026-06-23T01:04:21Z
https://www.tiresandwheels.com/catalog/tires/Hankook/SC5550/Winter-I*Pike-LT-RW09/,done,2026-06-23T01:04:21Z
https://www.tiresandwheels.com/catalog/tires/Hankook/SC5552/Winter-W320(A)-i*cept-evo2/,done,2026-06-23T01:04:21Z
https://www.tiresandwheels.com/catalog/tires/Hankook/SC8537/Ventus-V12-evo2-K120/,done,2026-06-23T01:04:21Z
https://www.tiresandwheels.com/catalog/tires/Hankook/SC9725/Dynapro-MT2-RT05/,done,2026-06-23T01:04:21Z
https://www.tiresandwheels.com/catalog/tires/Hankook/SC9726/Kinergy-GT-H436B/,done,2026-06-23T01:04:21Z
https://www.tiresandwheels.com/catalog/tires/Hankook/SC9727/Kinergy-ST-H735/,done,2026-06-23T01:04:21Z
https://www.tiresandwheels.com/catalog/tires/Hankook/SC9728/Ventus-Prime2-K115B-RFT/,done,2026-06-23T01:04:21Z
https://www.tiresandwheels.com/catalog/tires/Hankook/SC9729/Ventus-Prime3-K125/,done,2026-06-23T01:04:21Z
https://www.tiresandwheels.com/catalog/tires/Hankook/SC9731/Ventus-S1-evo3-EV-K127E/,done,2026-06-23T01:04:21Z
https://www.tiresandwheels.com/catalog/tires/Hankook/SC9732/Ventus-S1-evo3-K127/,done,2026-06-23T01:04:21Z
https://www.tiresandwheels.com/catalog/tires/Hankook/SC9733/Ventus-S1-evo3-K127B/,done,2026-06-23T01:04:21Z
https://www.tiresandwheels.com/catalog/tires/Hankook/SC9734/Ventus-S1-evo3-SUV-K127A/,done,2026-06-23T01:04:21Z
https://www.tiresandwheels.com/catalog/tires/Falken/SC515/FK-452/,done,2026-06-23T01:04:21Z
https://www.tiresandwheels.com/catalog/tires/Toyo/SC519/Proxes-R1R/,done,2026-06-23T01:04:21Z
https://www.tiresandwheels.com/catalog/tires/Nexen/SC1354/N3000/,done,2026-06-23T01:04:21Z
https://www.tiresandwheels.com/catalog/tires/Dunlop/SC4891/Grandtrek-AT20/,done,2026-06-23T01:04:21Z
https://www.tiresandwheels.com/catalog/tires/Nokian/SC6403/Hakkapeliitta-CR3/,done,2026-06-23T01:04:21Z
https://www.tiresandwheels.com/catalog/tires/Falken/SC516/WildPeak-A/T/,done,2026-06-23T01:04:21Z
https://www.tiresandwheels.com/catalog/tires/Toyo/SC522/Proxes-4/,done,2026-06-23T01:04:21Z
https://www.tiresandwheels.com/catalog/tires/Nexen/SC1355/N5000/,done,2026-06-23T01:04:21Z
https://www.tiresandwheels.com/catalog/tires/Dunlop/SC5300/Direzza-DZ102/,done,2026-06-23T01:04:21Z
https://www.tiresandwheels.com/catalog/tires/Nokian/SC15252/Hakkapeliitta-9-Studded/,done,2026-06-23T01:04:21Z
https://www.tiresandwheels.com/catalog/tires/Falken/SC517/ZIEX-ZE-912/,done,2026-06-23T01:04:21Z
https://www.tiresandwheels.com/catalog/tires/Toyo/SC523/Proxes-TQ/,done,2026-06-23T01:04:21Z
https://www.tiresandwheels.com/catalog/tires/Nexen/SC1929/Roadian-HP/,done,2026-06-23T01:04:21Z
https://www.tiresandwheels.com/catalog/tires/Dunlop/SC5302/Enasave/,done,2026-06-23T01:04:21Z
https://www.tiresandwheels.com/catalog/tires/Nokian/SC15253/Hakkapeliitta-R3/,done,2026-06-23T01:04:21Z
https://www.tiresandwheels.com/catalog/tires/Falken/SC2955/Wildpeak-M/T01/,done,2026-06-23T01:04:21Z
https://www.tiresandwheels.com/catalog/tires/Toyo/SC524/Proxes-ST-II/,done,2026-06-23T01:04:21Z
https://www.tiresandwheels.com/catalog/tires/Nexen/SC2938/Roadian-MT/,done,2026-06-23T01:04:21Z
https://www.tiresandwheels.com/catalog/tires/Dunlop/SC5304/Grandtrek-AT23/,done,2026-06-23T01:04:21Z
https://www.tiresandwheels.com/catalog/tires/Nokian/SC15254/Nordman-7/,done,2026-06-23T01:04:21Z
https://www.tiresandwheels.com/catalog/tires/Falken/SC2967/Wildpeak-AT3W/,done,2026-06-23T01:04:21Z
https://www.tiresandwheels.com/catalog/tires/Toyo/SC525/Proxes-RA-1/,done,2026-06-23T01:04:21Z
https://www.tiresandwheels.com/catalog/tires/Nexen/SC2939/Roadian-AT-Pro-RA8/,done,2026-06-23T01:04:21Z
https://www.tiresandwheels.com/catalog/tires/Dunlop/SC5306/Grandtrek-PT2A/,done,2026-06-23T01:04:21Z
https://www.tiresandwheels.com/catalog/tires/Nokian/SC15255/WRG4-All-Weather/,done,2026-06-23T01:04:21Z
https://www.tiresandwheels.com/catalog/tires/Falken/SC5149/Azenis-FK450-A/S/,done,2026-06-23T01:04:21Z
https://www.tiresandwheels.com/catalog/tires/Toyo/SC527/Versado-CUV/,done,2026-06-23T01:04:21Z
https://www.tiresandwheels.com/catalog/tires/Nexen/SC2975/Roadian-HT-SUV/,done,2026-06-23T01:04:21Z
https://www.tiresandwheels.com/catalog/tires/Dunlop/SC5307/Grandtrek-PT3A/,done,2026-06-23T01:04:21Z
https://www.tiresandwheels.com/catalog/tires/Nokian/SC19715/Hakkapeliitta-10/,done,2026-06-23T01:04:21Z
https://www.tiresandwheels.com/catalog/tires/Falken/SC5395/Azenis-FK453CC/,done,2026-06-23T01:04:21Z
https://www.tiresandwheels.com/catalog/tires/Toyo/SC528/Extensa-A/S/,done,2026-06-23T01:04:21Z
https://www.tiresandwheels.com/catalog/tires/Nexen/SC2977/Roadian-HTX-RH5/,done,2026-06-23T01:04:21Z
https://www.tiresandwheels.com/catalog/tires/Dunlop/SC5309/Grandtrek-SJ6/,done,2026-06-23T01:04:21Z
https://www.tiresandwheels.com/catalog/tires/Nokian/SC19716/Hakkapeliitta-C4/,done,2026-06-23T01:04:21Z
https://www.tiresandwheels.com/catalog/tires/Falken/SC5396/Azenis-FK510/,done,2026-06-23T01:04:21Z
https://www.tiresandwheels.com/catalog/tires/Toyo/SC530/Open-Country-M/T/,done,2026-06-23T01:04:21Z
https://www.tiresandwheels.com/catalog/tires/Nexen/SC2978/NFERA-RU5/,done,2026-06-23T01:04:21Z
https://www.tiresandwheels.com/catalog/tires/Dunlop/SC5310/Grandtrek-ST20/,done,2026-06-23T01:04:21Z
https://www.tiresandwheels.com/catalog/tires/Nokian/SC19717/Hakkapeliitta-CR4/,done,2026-06-23T01:04:21Z
https://www.tiresandwheels.com/catalog/tires/Falken/SC5397/Azenis-PT722-A/S/,done,2026-06-23T01:04:21Z
https://www.tiresandwheels.com/catalog/tires/Toyo/SC531/M-55/,done,2026-06-23T01:04:21Z
https://www.tiresandwheels.com/catalog/tires/Nexen/SC6365/Aria-AH7/,done,2026-06-23T01:04:21Z
https://www.tiresandwheels.com/catalog/tires/Dunlop/SC5311/Grandtrek-ST30/,done,2026-06-23T01:04:21Z
https://www.tiresandwheels.com/catalog/tires/Nokian/SC19718/Hakkapeliitta-LT3/,done,2026-06-23T01:04:21Z
https://www.tiresandwheels.com/catalog/tires/Falken/SC5400/Sincera-SN201-A/S/,done,2026-06-23T01:04:21Z
https://www.tiresandwheels.com/catalog/tires/Toyo/SC532/Open-Country-H/T/,done,2026-06-23T01:04:21Z
https://www.tiresandwheels.com/catalog/tires/Nexen/SC6367/CP621/,done,2026-06-23T01:04:21Z
https://www.tiresandwheels.com/catalog/tires/Dunlop/SC5312/Grandtrek-Touring-A/S/,done,2026-06-23T01:04:21Z
https://www.tiresandwheels.com/catalog/tires/Nokian/SC19719/Hakkapeliitta-R5/,done,2026-06-23T01:04:21Z
https://www.tiresandwheels.com/catalog/tires/Falken/SC5401/Sincera-SN250-A/S/,done,2026-06-23T01:04:21Z
https://www.tiresandwheels.com/catalog/tires/Toyo/SC1859/Open-Country-A/T-II/,done,2026-06-23T01:04:21Z
https://www.tiresandwheels.com/catalog/tires/Nexen/SC6369/CP661/,done,2026-06-23T01:04:21Z
https://www.tiresandwheels.com/catalog/tires/Dunlop/SC5323/Signature-HP/,done,2026-06-23T01:04:21Z
https://www.tiresandwheels.com/catalog/tires/Nokian/SC19720/Remedy-WRG5/,done,2026-06-23T01:04:21Z
https://www.tiresandwheels.com/catalog/tires/Falken/SC5402/Sincera-SN250A-A/S/,done,2026-06-23T01:04:21Z
https://www.tiresandwheels.com/catalog/tires/Toyo/SC1939/Open-Country-R/T/,done,2026-06-23T01:04:21Z
https://www.tiresandwheels.com/catalog/tires/Nexen/SC6370/CP662/,done,2026-06-23T01:04:21Z
https://www.tiresandwheels.com/catalog/tires/Dunlop/SC5324/Signature-II/,done,2026-06-23T01:04:21Z
https://www.tiresandwheels.com/catalog/tires/Nokian/SC19721/WR-C3/,done,2026-06-23T01:04:21Z
https://www.tiresandwheels.com/catalog/tires/Falken/SC5406/Wildpeak-AT3WA/,done,2026-06-23T01:04:21Z
https://www.tiresandwheels.com/catalog/tires/Toyo/SC2157/Celsius/,done,2026-06-23T01:04:21Z
https://www.tiresandwheels.com/catalog/tires/Nexen/SC6371/CP671/,done,2026-06-23T01:04:21Z
https://www.tiresandwheels.com/catalog/tires/Dunlop/SC5327/SP-10/,done,2026-06-23T01:04:21Z
https://www.tiresandwheels.com/catalog/tires/Nokian/SC20172/Hakkapeliitta-LT3-Studded/,done,2026-06-23T01:04:21Z
https://www.tiresandwheels.com/catalog/tires/Falken/SC5407/Wildpeak-H/T/,done,2026-06-23T01:04:21Z
https://www.tiresandwheels.com/catalog/tires/Toyo/SC3003/Proxes-4-Plus/,done,2026-06-23T01:04:21Z
https://www.tiresandwheels.com/catalog/tires/Nexen/SC6372/CP671H/,done,2026-06-23T01:04:21Z
https://www.tiresandwheels.com/catalog/tires/Dunlop/SC5328/SP-31-A/S/,done,2026-06-23T01:04:21Z
https://www.tiresandwheels.com/catalog/tires/Nokian/SC20667/Nordman-North-9-Non-Studded/,done,2026-06-23T01:04:21Z
https://www.tiresandwheels.com/catalog/tires/Falken/SC5408/Wildpeak-H/T01A/,done,2026-06-23T01:04:21Z
https://www.tiresandwheels.com/catalog/tires/Toyo/SC3005/Versado-Noir/,done,2026-06-23T01:04:21Z
https://www.tiresandwheels.com/catalog/tires/Nexen/SC6373/CP672/,done,2026-06-23T01:04:21Z
https://www.tiresandwheels.com/catalog/tires/Dunlop/SC5330/SP-31A-A/S/,done,2026-06-23T01:04:21Z
https://www.tiresandwheels.com/catalog/tires/Nokian/SC20173/Nordman-North-9-Studded/,done,2026-06-23T01:04:21Z
https://www.tiresandwheels.com/catalog/tires/Falken/SC5409/Ziex-CT50-A/S/,done,2026-06-23T01:04:21Z
https://www.tiresandwheels.com/catalog/tires/Toyo/SC3006/Versado-Eco/,done,2026-06-23T01:04:21Z
https://www.tiresandwheels.com/catalog/tires/Nexen/SC6374/Euro-Win-600/,done,2026-06-23T01:04:21Z
https://www.tiresandwheels.com/catalog/tires/Dunlop/SC5332/SP-LT-60/,done,2026-06-23T01:04:21Z
https://www.tiresandwheels.com/catalog/tires/Falken/SC5410/Ziex-CT60-A/S/,done,2026-06-23T01:04:21Z
https://www.tiresandwheels.com/catalog/tires/Toyo/SC3269/Open-Country-C/T/,done,2026-06-23T01:04:21Z
https://www.tiresandwheels.com/catalog/tires/Nexen/SC6377/N5000-Plus/,done,2026-06-23T01:04:21Z
https://www.tiresandwheels.com/catalog/tires/Dunlop/SC5337/SP-Sport-01-DSST-ROF/,done,2026-06-23T01:04:21Z
https://www.tiresandwheels.com/catalog/tires/Falken/SC5413/Ziex-S/TZ05/,done,2026-06-23T01:04:21Z
https://www.tiresandwheels.com/catalog/tires/Toyo/SC4877/Celsius-CUV/,done,2026-06-23T01:04:21Z
https://www.tiresandwheels.com/catalog/tires/Nexen/SC6379/NBlue-EV/,done,2026-06-23T01:04:21Z
https://www.tiresandwheels.com/catalog/tires/Dunlop/SC5338/SP-Sport-01-DSST/,done,2026-06-23T01:04:21Z
https://www.tiresandwheels.com/catalog/tires/Falken/SC5414/Ziex-ZE001-A/S/,done,2026-06-23T01:04:21Z
https://www.tiresandwheels.com/catalog/tires/Toyo/SC4878/Observe-G3-ICE/,done,2026-06-23T01:04:21Z
https://www.tiresandwheels.com/catalog/tires/Nexen/SC6380/NFera-AU7/,done,2026-06-23T01:04:21Z
https://www.tiresandwheels.com/catalog/tires/Dunlop/SC5339/SP-Sport-01/,done,2026-06-23T01:04:21Z
https://www.tiresandwheels.com/catalog/tires/Falken/SC5417/Ziex-ZE914A-EcoRun/,done,2026-06-23T01:04:21Z
https://www.tiresandwheels.com/catalog/tires/Toyo/SC4879/Open-Country-A20/,done,2026-06-23T01:04:21Z
https://www.tiresandwheels.com/catalog/tires/Nexen/SC6381/NFera-RU1/,done,2026-06-23T01:04:21Z
https://www.tiresandwheels.com/catalog/tires/Dunlop/SC5345/SP-Sport-2050/,done,2026-06-23T01:04:21Z
https://www.tiresandwheels.com/catalog/tires/Falken/SC5418/Ziex-ZE950-A/S/,done,2026-06-23T01:04:21Z
https://www.tiresandwheels.com/catalog/tires/Toyo/SC4881/Open-Country-A25/,done,2026-06-23T01:04:21Z
https://www.tiresandwheels.com/catalog/tires/Nexen/SC6382/NFera-SU1/,done,2026-06-23T01:04:21Z
https://www.tiresandwheels.com/catalog/tires/Dunlop/SC5348/SP-Sport-5000/,done,2026-06-23T01:04:21Z
https://www.tiresandwheels.com/catalog/tires/Falken/SC9715/Azenis-FK510-SUV/,done,2026-06-23T01:04:21Z
https://www.tiresandwheels.com/catalog/tires/Toyo/SC4882/Open-Country-A26/,done,2026-06-23T01:04:21Z
https://www.tiresandwheels.com/catalog/tires/Nexen/SC6384/NPriz-AH5/,done,2026-06-23T01:04:21Z
https://www.tiresandwheels.com/catalog/tires/Dunlop/SC5347/SP-Sport-5000-DSST-CTT/,done,2026-06-23T01:04:21Z
https://www.tiresandwheels.com/catalog/tires/Falken/SC9716/Azenis-FK510A-SUV/,done,2026-06-23T01:04:21Z
https://www.tiresandwheels.com/catalog/tires/Toyo/SC4884/Open-Country-A31/,done,2026-06-23T01:04:21Z
https://www.tiresandwheels.com/catalog/tires/Nexen/SC6385/NPriz-AH8/,done,2026-06-23T01:04:21Z
https://www.tiresandwheels.com/catalog/tires/Dunlop/SC5349/SP-Sport-5000M/,done,2026-06-23T01:04:21Z
https://www.tiresandwheels.com/catalog/tires/Falken/SC9717/Wildpeak-H/T02/,done,2026-06-23T01:04:21Z
https://www.tiresandwheels.com/catalog/tires/Toyo/SC4885/Open-Country-Q/T/,done,2026-06-23T01:04:21Z
https://www.tiresandwheels.com/catalog/tires/Nexen/SC6386/NPriz-RH7/,done,2026-06-23T01:04:21Z
https://www.tiresandwheels.com/catalog/tires/Dunlop/SC5350/SP-Sport-5100/,done,2026-06-23T01:04:21Z
https://www.tiresandwheels.com/catalog/tires/Falken/SC9718/Ziex-ZE960-A/S/,done,2026-06-23T01:04:21Z
https://www.tiresandwheels.com/catalog/tires/Toyo/SC4886/Open-Country-WLT1/,done,2026-06-23T01:04:21Z
https://www.tiresandwheels.com/catalog/tires/Nexen/SC6389/Roadian-AT-II/,done,2026-06-23T01:04:21Z
https://www.tiresandwheels.com/catalog/tires/Dunlop/SC5351/SP-Sport-7000-A/S/,done,2026-06-23T01:04:21Z
https://www.tiresandwheels.com/catalog/tires/Falken/SC9719/Wildpeak-A/T-Trail/,done,2026-06-23T01:04:21Z
https://www.tiresandwheels.com/catalog/tires/Toyo/SC4887/Proxes-A20/,done,2026-06-23T01:04:21Z
https://www.tiresandwheels.com/catalog/tires/Nexen/SC6391/Roadian-CT8-HL/,done,2026-06-23T01:04:21Z
https://www.tiresandwheels.com/catalog/tires/Dunlop/SC5355/SP-Sport-Maxx-050/,done,2026-06-23T01:04:21Z
https://www.tiresandwheels.com/catalog/tires/Falken/SC9720/Wildpeak-A/T01A-Trail/,done,2026-06-23T01:04:21Z
https://www.tiresandwheels.com/catalog/tires/Toyo/SC4888/Proxes-ST-III/,done,2026-06-23T01:04:21Z
https://www.tiresandwheels.com/catalog/tires/Nexen/SC6392/Roadstone-Winguard-Winspike/,done,2026-06-23T01:04:21Z
https://www.tiresandwheels.com/catalog/tires/Dunlop/SC5356/SP-Sport-Maxx-101/,done,2026-06-23T01:04:21Z
https://www.tiresandwheels.com/catalog/tires/Falken/SC11964/Azenis-RT615KPlus/,done,2026-06-23T01:04:21Z
https://www.tiresandwheels.com/catalog/tires/Toyo/SC5066/Extensa-HP-II/,done,2026-06-23T01:04:21Z
https://www.tiresandwheels.com/catalog/tires/Nexen/SC6393/SB802/,done,2026-06-23T01:04:21Z
https://www.tiresandwheels.com/catalog/tires/Dunlop/SC5358/SP-Sport-Maxx-A1-A/S/,done,2026-06-23T01:04:21Z
https://www.tiresandwheels.com/catalog/tires/Falken/SC11965/Espia-EPZ-II-SUV/,done,2026-06-23T01:04:21Z
https://www.tiresandwheels.com/catalog/tires/Toyo/SC5067/GSi5/,done,2026-06-23T01:04:21Z
https://www.tiresandwheels.com/catalog/tires/Nexen/SC6394/Winguard-Sport/,done,2026-06-23T01:04:21Z
https://www.tiresandwheels.com/catalog/tires/Dunlop/SC5360/SP-Sport-Maxx-A1-A-A/S/,done,2026-06-23T01:04:21Z
https://www.tiresandwheels.com/catalog/tires/Falken/SC11966/Espia-EPZ-II/,done,2026-06-23T01:04:21Z
https://www.tiresandwheels.com/catalog/tires/Toyo/SC5068/Observe-G3-ICE-Studdable/,done,2026-06-23T01:04:21Z
https://www.tiresandwheels.com/catalog/tires/Nexen/SC6396/Winguard-SUV/,done,2026-06-23T01:04:21Z
https://www.tiresandwheels.com/catalog/tires/Dunlop/SC5361/SP-Sport-Maxx-DSST-ROF/,done,2026-06-23T01:04:21Z
https://www.tiresandwheels.com/catalog/tires/Falken/SC11967/Eurowinter-HS449/,done,2026-06-23T01:04:21Z
https://www.tiresandwheels.com/catalog/tires/Toyo/SC5069/Observe-Garit-KX/,done,2026-06-23T01:04:21Z
https://www.tiresandwheels.com/catalog/tires/Nexen/SC8780/Roadian-MTX/,done,2026-06-23T01:04:21Z
https://www.tiresandwheels.com/catalog/tires/Dunlop/SC5362/SP-Sport-Maxx-GT-600-DSST/,done,2026-06-23T01:04:21Z
https://www.tiresandwheels.com/catalog/tires/Falken/SC11968/F-ICE/,done,2026-06-23T01:04:21Z
https://www.tiresandwheels.com/catalog/tires/Toyo/SC5070/Proxes-4PA/,done,2026-06-23T01:04:21Z
https://www.tiresandwheels.com/catalog/tires/Nexen/SC11992/Roadian-GTX/,done,2026-06-23T01:04:21Z
https://www.tiresandwheels.com/catalog/tires/Dunlop/SC5363/SP-Sport-Maxx-GT-DSST-ROF/,done,2026-06-23T01:04:21Z
https://www.tiresandwheels.com/catalog/tires/Falken/SC11969/Temporary-Spare/,done,2026-06-23T01:04:21Z
https://www.tiresandwheels.com/catalog/tires/Toyo/SC5071/Proxes-A18/,done,2026-06-23T01:04:21Z
https://www.tiresandwheels.com/catalog/tires/Nexen/SC11993/NFera-SUR4G/,done,2026-06-23T01:04:21Z
https://www.tiresandwheels.com/catalog/tires/Dunlop/SC5365/SP-Sport-Maxx-GT/,done,2026-06-23T01:04:21Z
https://www.tiresandwheels.com/catalog/tires/Falken/SC13167/Azenis-FK001-A/S/,done,2026-06-23T01:04:21Z
https://www.tiresandwheels.com/catalog/tires/Toyo/SC5072/Proxes-A27/,done,2026-06-23T01:04:21Z
https://www.tiresandwheels.com/catalog/tires/Nexen/SC14148/N5000-Platinum/,done,2026-06-23T01:04:21Z
https://www.tiresandwheels.com/catalog/tires/Dunlop/SC5367/SP-Sport-Maxx-TT-DSST/,done,2026-06-23T01:04:21Z
https://www.tiresandwheels.com/catalog/tires/Falken/SC14142/Eurowinter-HS01/,done,2026-06-23T01:04:21Z
https://www.tiresandwheels.com/catalog/tires/Toyo/SC5074/Proxes-R35/,done,2026-06-23T01:04:21Z
https://www.tiresandwheels.com/catalog/tires/Nexen/SC15713/NFera-Sport/,done,2026-06-23T01:04:21Z
https://www.tiresandwheels.com/catalog/tires/Dunlop/SC5369/SP-Sport-Maxx/,error,2026-06-23T01:04:21Z
https://www.tiresandwheels.com/catalog/tires/Falken/SC14143/Eurowinter-HS01-SUV/,done,2026-06-23T01:04:21Z
https://www.tiresandwheels.com/catalog/tires/Toyo/SC5075/Proxes-R888R/,done,2026-06-23T01:04:21Z
https://www.tiresandwheels.com/catalog/tires/Nexen/SC17536/Roadian-ATX/,done,2026-06-23T01:04:21Z
https://www.tiresandwheels.com/catalog/tires/Dunlop/SC5370/SP-Sport-Signature/,done,2026-06-23T01:04:21Z
https://www.tiresandwheels.com/catalog/tires/Falken/SC17524/Azenis-FK460-A/S/,done,2026-06-23T01:04:21Z
https://www.tiresandwheels.com/catalog/tires/Toyo/SC5076/Proxes-RR/,done,2026-06-23T01:04:21Z
https://www.tiresandwheels.com/catalog/tires/Nexen/SC17537/Roadian-HTX-2/,done,2026-06-23T01:04:21Z
https://www.tiresandwheels.com/catalog/tires/Dunlop/SC5371/SP-Spt-7010-A/S-DSST/,done,2026-06-23T01:04:21Z
https://www.tiresandwheels.com/catalog/tires/Falken/SC17540/Rubitrek-A/T/,done,2026-06-23T01:04:21Z
https://www.tiresandwheels.com/catalog/tires/Toyo/SC5077/Proxes-T1-Sport/,done,2026-06-23T01:04:21Z
https://www.tiresandwheels.com/catalog/tires/Nexen/SC17546/Winguard-Ice-Plus/,done,2026-06-23T01:04:21Z
https://www.tiresandwheels.com/catalog/tires/Dunlop/SC5372/SP-Winter-Sport-3D-DSST-ROF/,done,2026-06-23T01:04:21Z
https://www.tiresandwheels.com/catalog/tires/Falken/SC17542/Sincera-ST80-A/S/,done,2026-06-23T01:04:21Z
https://www.tiresandwheels.com/catalog/tires/Toyo/SC5080/Proxes-TS/,done,2026-06-23T01:04:21Z
https://www.tiresandwheels.com/catalog/tires/Nexen/SC17547/Winguard-Winspike-3/,done,2026-06-23T01:04:21Z
https://www.tiresandwheels.com/catalog/tires/Dunlop/SC5373/SP-Winter-Sport-3D/,done,2026-06-23T01:04:21Z
https://www.tiresandwheels.com/catalog/tires/Falken/SC17545/Wildpeak-R/T-01/,done,2026-06-23T01:04:21Z
https://www.tiresandwheels.com/catalog/tires/Toyo/SC5082/PXA05B/,done,2026-06-23T01:04:21Z
https://www.tiresandwheels.com/catalog/tires/Nexen/SC17548/Winguard-Winsport-2/,done,2026-06-23T01:04:21Z
https://www.tiresandwheels.com/catalog/tires/Dunlop/SC5377/SP-Winter-Sport-M3/,done,2026-06-23T01:04:21Z
https://www.tiresandwheels.com/catalog/tires/Falken/SC18682/Aklimate/,done,2026-06-23T01:04:21Z
https://www.tiresandwheels.com/catalog/tires/Toyo/SC5083/PXA35/,done,2026-06-23T01:04:21Z
https://www.tiresandwheels.com/catalog/tires/Nexen/SC20137/N-Blue-4S-2/,done,2026-06-23T01:04:21Z
https://www.tiresandwheels.com/catalog/tires/Dunlop/SC5382/Sport-Maxx-RT-ROF/,done,2026-06-23T01:04:21Z
https://www.tiresandwheels.com/catalog/tires/Falken/SC18683/Linam-Van01A/,done,2026-06-23T01:04:21Z
https://www.tiresandwheels.com/catalog/tires/Toyo/SC5085/TYA22/,done,2026-06-23T01:04:21Z
https://www.tiresandwheels.com/catalog/tires/Nexen/SC20138/NPriz-S/,done,2026-06-23T01:04:21Z
https://www.tiresandwheels.com/catalog/tires/Dunlop/SC5383/Sport-Maxx-RT/,done,2026-06-23T01:04:21Z
https://www.tiresandwheels.com/catalog/tires/Falken/SC19445/Wildpeak-A/T4W/,done,2026-06-23T01:04:21Z
https://www.tiresandwheels.com/catalog/tires/Toyo/SC5086/TYA23/,done,2026-06-23T01:04:21Z
https://www.tiresandwheels.com/catalog/tires/Dunlop/SC5384/Sport-Maxx-RT2/,done,2026-06-23T01:04:21Z
https://www.tiresandwheels.com/catalog/tires/Falken/SC20128/Azenis-FK520/,done,2026-06-23T01:04:21Z
https://www.tiresandwheels.com/catalog/tires/Toyo/SC5087/TYA24/,done,2026-06-23T01:04:21Z
https://www.tiresandwheels.com/catalog/tires/Dunlop/SC5386/Winter-Maxx-2/,done,2026-06-23T01:04:21Z
https://www.tiresandwheels.com/catalog/tires/Falken/SC20157/Wildpeak-Spare/,done,2026-06-23T01:04:21Z
https://www.tiresandwheels.com/catalog/tires/Toyo/SC5088/TYA36/,done,2026-06-23T01:04:21Z
https://www.tiresandwheels.com/catalog/tires/Dunlop/SC5388/Winter-Maxx-SJ8/,done,2026-06-23T01:04:21Z
https://www.tiresandwheels.com/catalog/tires/Toyo/SC8785/Observe-GSI-6/,done,2026-06-23T01:04:21Z
https://www.tiresandwheels.com/catalog/tires/Dunlop/SC5390/Winter-Maxx/,done,2026-06-23T01:04:21Z
https://www.tiresandwheels.com/catalog/tires/Toyo/SC8787/Open-Country-H/T-2/,done,2026-06-23T01:04:21Z
https://www.tiresandwheels.com/catalog/tires/Dunlop/SC5391/Winter-Sport-5-SUV/,done,2026-06-23T01:04:21Z
https://www.tiresandwheels.com/catalog/tires/Toyo/SC8789/Proxes-Sport/,done,2026-06-23T01:04:21Z
https://www.tiresandwheels.com/catalog/tires/Dunlop/SC5374/SP-Winter-Sport-4D/,done,2026-06-23T01:04:21Z
https://www.tiresandwheels.com/catalog/tires/Toyo/SC9751/Extensa-A/S-II/,done,2026-06-23T01:04:21Z
https://www.tiresandwheels.com/catalog/tires/Dunlop/SC5357/SP-Sport-Maxx-A/,done,2026-06-23T01:04:21Z
https://www.tiresandwheels.com/catalog/tires/Toyo/SC9752/H08/,done,2026-06-23T01:04:21Z
https://www.tiresandwheels.com/catalog/tires/Dunlop/SC5354/SP-Sport-Maxx-050-DSST/,done,2026-06-23T01:04:21Z
https://www.tiresandwheels.com/catalog/tires/Toyo/SC9753/H09/,done,2026-06-23T01:04:21Z
https://www.tiresandwheels.com/catalog/tires/Dunlop/SC14851/Grandtrek-PT21/,done,2026-06-23T01:04:21Z
https://www.tiresandwheels.com/catalog/tires/Toyo/SC9754/Open-Country-A38/,done,2026-06-23T01:04:21Z
https://www.tiresandwheels.com/catalog/tires/Dunlop/SC15234/SP461/,done,2026-06-23T01:04:21Z
https://www.tiresandwheels.com/catalog/tires/Toyo/SC9755/Open-Country-A39/,done,2026-06-23T01:04:21Z
https://www.tiresandwheels.com/catalog/tires/Dunlop/SC15481/Grandtrek-PT20/,done,2026-06-23T01:04:21Z
https://www.tiresandwheels.com/catalog/tires/Toyo/SC9756/Proxes-A37/,done,2026-06-23T01:04:21Z
https://www.tiresandwheels.com/catalog/tires/Dunlop/SC15482/SP231A/,done,2026-06-23T01:04:21Z
https://www.tiresandwheels.com/catalog/tires/Toyo/SC9757/Proxes-A40/,done,2026-06-23T01:04:21Z
https://www.tiresandwheels.com/catalog/tires/Dunlop/SC15484/Sport-Maxx-A1-DSST/,done,2026-06-23T01:04:21Z
https://www.tiresandwheels.com/catalog/tires/Toyo/SC9758/Proxes-Sport-SUV/,done,2026-06-23T01:04:21Z
https://www.tiresandwheels.com/catalog/tires/Dunlop/SC15485/Sport-Maxx-A2-A/S/,done,2026-06-23T01:04:21Z
https://www.tiresandwheels.com/catalog/tires/Toyo/SC10786/Open-Country-A/T3/,done,2026-06-23T01:04:21Z
https://www.tiresandwheels.com/catalog/tires/Dunlop/SC15486/Sport-Maxx-GT/,done,2026-06-23T01:04:21Z
https://www.tiresandwheels.com/catalog/tires/Toyo/SC11737/NEA29/,done,2026-06-23T01:04:21Z
https://www.tiresandwheels.com/catalog/tires/Dunlop/SC15487/Sport-Maxx-GT600/,done,2026-06-23T01:04:21Z
https://www.tiresandwheels.com/catalog/tires/Toyo/SC11739/OPA30/,done,2026-06-23T01:04:21Z
https://www.tiresandwheels.com/catalog/tires/Dunlop/SC15488/Sport-Maxx-GT600-DSST/,done,2026-06-23T01:04:21Z
https://www.tiresandwheels.com/catalog/tires/Toyo/SC11832/Proxes-Sport-A/S/,done,2026-06-23T01:04:21Z
https://www.tiresandwheels.com/catalog/tires/Dunlop/SC15489/Sport-Maxx-Race2/,done,2026-06-23T01:04:21Z
https://www.tiresandwheels.com/catalog/tires/Toyo/SC11958/Open-Country-SxS/,done,2026-06-23T01:04:21Z
https://www.tiresandwheels.com/catalog/tires/Toyo/SC11959/NEA41/,done,2026-06-23T01:04:21Z
https://www.tiresandwheels.com/catalog/tires/Toyo/SC11960/Celsius-Cargo/,done,2026-06-23T01:04:21Z
https://www.tiresandwheels.com/catalog/tires/Toyo/SC11961/A14F/,done,2026-06-23T01:04:21Z
https://www.tiresandwheels.com/catalog/tires/Toyo/SC12313/Open-Country-A43/,done,2026-06-23T01:04:21Z
https://www.tiresandwheels.com/catalog/tires/Toyo/SC14149/Observe-GSI-6-LS/,done,2026-06-23T01:04:21Z
https://www.tiresandwheels.com/catalog/tires/Toyo/SC14150/Open-Country-A46/,done,2026-06-23T01:04:21Z
https://www.tiresandwheels.com/catalog/tires/Toyo/SC16977/Open-Country-R/T-Trail/,done,2026-06-23T01:04:21Z
https://www.tiresandwheels.com/catalog/tires/Toyo/SC17436/Celsius-II/,done,2026-06-23T01:04:21Z
https://www.tiresandwheels.com/catalog/tires/Toyo/SC17437/Celsius-Sport/,done,2026-06-23T01:04:21Z
https://www.tiresandwheels.com/catalog/tires/Toyo/SC17719/Open-Country-A44/,done,2026-06-23T01:04:21Z
https://www.tiresandwheels.com/catalog/tires/Toyo/SC17757/Open-Country-A50/,done,2026-06-23T01:04:21Z
https://www.tiresandwheels.com/catalog/tires/Toyo/SC17758/Open-Country-A51/,done,2026-06-23T01:04:21Z
https://www.tiresandwheels.com/catalog/tires/Toyo/SC19724/Proxes-R/,done,2026-06-23T01:04:21Z
https://www.tiresandwheels.com/catalog/tires/Toyo/SC20174/Proxes-Sport-AS-Plus/,done,2026-06-23T01:04:21Z
https://www.tiresandwheels.com/catalog/tires/Hankook/SC9735/Ventus-S1-evo3-SUV-K127C/,done,2026-06-23T01:04:21Z
https://www.tiresandwheels.com/catalog/tires/Nitto/SC351/Terra-Grappler/,done,2026-06-23T01:04:21Z
https://www.tiresandwheels.com/catalog/tires/General/SC377/Grabber/,done,2026-06-23T01:04:21Z
https://www.tiresandwheels.com/catalog/tires/Kumho/SC497/Solus-KR21/,done,2026-06-23T01:04:21Z
https://www.tiresandwheels.com/catalog/tires/Pirelli/SC6430/Cinturato-P1/,done,2026-06-23T01:04:21Z
https://www.tiresandwheels.com/catalog/tires/Federal/SC12108/SS657/,done,2026-06-23T01:04:21Z
https://www.tiresandwheels.com/catalog/tires/BFGoodrich/SC1330/All-Terrain-T/A-KO/,done,2026-06-23T01:04:21Z
https://www.tiresandwheels.com/catalog/tires/Atturo/SC2004/Trail-Blade-A/T/,done,2026-06-23T01:04:21Z
https://www.tiresandwheels.com/catalog/tires/Mickey-Thompson-Tires/SC2140/Deegan-38/,done,2026-06-23T01:04:21Z
https://www.tiresandwheels.com/catalog/tires/Lexani-Tire/SC2127/Mud-Beast-MT/,done,2026-06-23T01:04:21Z
https://www.tiresandwheels.com/catalog/tires/Dick-Cepek-Tires/SC2146/Fun-Country/,done,2026-06-23T01:04:21Z
https://www.tiresandwheels.com/catalog/tires/Fuel-Tires/SC2148/Mud-Gripper-MT/,done,2026-06-23T01:04:21Z
https://www.tiresandwheels.com/catalog/tires/Cooper/SC2940/Discoverer-STT-PRO/,done,2026-06-23T01:04:21Z
https://www.tiresandwheels.com/catalog/tires/Ironman/SC2946/All-Country-A/T/,done,2026-06-23T01:04:21Z
https://www.tiresandwheels.com/catalog/tires/Goodyear/SC2947/Wrangler-DuraTrac/,done,2026-06-23T01:04:21Z
https://www.tiresandwheels.com/catalog/tires/Firestone/SC5099/Destination-M/T2/,done,2026-06-23T01:04:21Z
https://www.tiresandwheels.com/catalog/tires/Michelin/SC2959/Defender-LTX-M/S/,done,2026-06-23T01:04:21Z
https://www.tiresandwheels.com/catalog/tires/Amp/SC2964/Terrain-Attack-MT/,done,2026-06-23T01:04:21Z
https://www.tiresandwheels.com/catalog/tires/Bridgestone/SC2969/Dueler-H/L-Alenza-Plus/,done,2026-06-23T01:04:21Z
https://www.tiresandwheels.com/catalog/tires/Continental/SC2970/CrossContact-LX20/,done,2026-06-23T01:04:21Z
https://www.tiresandwheels.com/catalog/tires/Kelly/SC2979/Safari-ATR/,done,2026-06-23T01:04:21Z
https://www.tiresandwheels.com/catalog/tires/Hercules/SC5558/Avalanche-X-Treme-SUV/,error,2026-06-23T01:04:21Z
https://www.tiresandwheels.com/catalog/tires/Patriot/SC3846/Torque-MT/,done,2026-06-23T01:04:21Z
https://www.tiresandwheels.com/catalog/tires/Fierce/SC5421/Attitude-M/T/,done,2026-06-23T01:04:21Z
https://www.tiresandwheels.com/catalog/tires/Gladiator/SC5496/QR500-HT/,done,2026-06-23T01:04:21Z
https://www.tiresandwheels.com/catalog/tires/JK-Tyre/SC5597/America-Cargo/,done,2026-06-23T01:04:21Z
https://www.tiresandwheels.com/catalog/tires/Lanvigator/SC5632/Catchgre-GP100/,done,2026-06-23T01:04:21Z
https://www.tiresandwheels.com/catalog/tires/Pegasus/SC5637/Advanta-A/T/,done,2026-06-23T01:04:21Z
https://www.tiresandwheels.com/catalog/tires/Primewell/SC5640/PS830/,done,2026-06-23T01:04:21Z
https://www.tiresandwheels.com/catalog/tires/Starfire/SC5642/RS-C-2.0/,done,2026-06-23T01:04:21Z
https://www.tiresandwheels.com/catalog/tires/Summit/SC5646/HP-Radial-Trac/,done,2026-06-23T01:04:21Z
https://www.tiresandwheels.com/catalog/tires/Suntek/SC5647/Touring-Plus/,done,2026-06-23T01:04:21Z
https://www.tiresandwheels.com/catalog/tires/Rolling-Big-Power-Tires/SC5743/Repulsor-M/T/,done,2026-06-23T01:04:21Z
https://www.tiresandwheels.com/catalog/tires/Mastercraft/SC6278/A/S-IV/,done,2026-06-23T01:04:21Z
https://www.tiresandwheels.com/catalog/tires/Uniroyal/SC6416/Laredo-Cross-Country-Touring/,done,2026-06-23T01:04:21Z
https://www.tiresandwheels.com/catalog/tires/Yokohama/SC6428/A10F/,done,2026-06-23T01:04:21Z
https://www.tiresandwheels.com/catalog/tires/Fury/SC6946/Country-Hunter-M/T/,done,2026-06-23T01:04:21Z
https://www.tiresandwheels.com/catalog/tires/Advanta/SC7025/X-Comp-M/T/,done,2026-06-23T01:04:21Z
https://www.tiresandwheels.com/catalog/tires/Kenda/SC9701/Klever-M/T/,done,2026-06-23T01:04:21Z
https://www.tiresandwheels.com/catalog/tires/Super-Swampers/SC9702/Sniper-M/T/,done,2026-06-23T01:04:21Z
https://www.tiresandwheels.com/catalog/tires/Venom-Power/SC9763/Terra-Hunter-R/T/,done,2026-06-23T01:04:21Z
https://www.tiresandwheels.com/catalog/tires/Comforser/SC10071/CF3000-M/T/,done,2026-06-23T01:04:21Z
https://www.tiresandwheels.com/catalog/tires/Vision-Tires/SC10089/P350-Journey-ATV/,done,2026-06-23T01:04:21Z
https://www.tiresandwheels.com/catalog/tires/Lionhart/SC12084/LH-Ten/,done,2026-06-23T01:04:21Z
https://www.tiresandwheels.com/catalog/tires/Carlisle/SC12363/Versa-Trail-ATV/,done,2026-06-23T01:04:21Z
https://www.tiresandwheels.com/catalog/tires/Laufenn/SC14277/G-FIT-AS/,done,2026-06-23T01:04:21Z
https://www.tiresandwheels.com/catalog/tires/Radar/SC15411/Renegade-A/T5/,done,2026-06-23T01:04:21Z
https://www.tiresandwheels.com/catalog/tires/Haida/SC15743/HD868-M/T/,done,2026-06-23T01:04:21Z
https://www.tiresandwheels.com/catalog/tires/Ohtsu-Tires/SC16206/FP8000/,done,2026-06-23T01:04:21Z
https://www.tiresandwheels.com/catalog/tires/Vogue/SC16629/Custom-Built-Radial-White-With-Gold/,done,2026-06-23T01:04:21Z
https://www.tiresandwheels.com/catalog/tires/TIS-Offroad-Tires/SC16872/TT1-by-Hercules/,done,2026-06-23T01:04:21Z
https://www.tiresandwheels.com/catalog/tires/GT-Radial/SC18688/Adventuro-AT3/,done,2026-06-23T01:04:21Z
https://www.tiresandwheels.com/catalog/tires/Heritage-Tires/SC18706/RidgeRunner-A/T-X/,done,2026-06-23T01:04:21Z
https://www.tiresandwheels.com/catalog/tires/Nankang/SC18716/AS-1/,done,2026-06-23T01:04:21Z
https://www.tiresandwheels.com/catalog/tires/Paragon/SC18727/RidgeRunner/,done,2026-06-23T01:04:21Z
https://www.tiresandwheels.com/catalog/tires/Prinx/SC18733/HiCity-HH2/,done,2026-06-23T01:04:21Z
https://www.tiresandwheels.com/catalog/tires/VersaTyre/SC19734/AS900/,done,2026-06-23T01:04:21Z
https://www.tiresandwheels.com/catalog/tires/Hankook/SC9736/Winter-i*Pike-RS/,done,2026-06-23T01:04:21Z
https://www.tiresandwheels.com/catalog/tires/Nitto/SC352/Trail-Grappler/,done,2026-06-23T01:04:21Z
https://www.tiresandwheels.com/catalog/tires/General/SC378/Grabber-AT2/,done,2026-06-23T01:04:21Z
https://www.tiresandwheels.com/catalog/tires/Kumho/SC498/Solus-KH16/,done,2026-06-23T01:04:21Z
https://www.tiresandwheels.com/catalog/tires/Pirelli/SC6431/Cinturato-P7/,done,2026-06-23T01:04:21Z
https://www.tiresandwheels.com/catalog/tires/Federal/SC12104/Formoza-AZ01/,done,2026-06-23T01:04:21Z
https://www.tiresandwheels.com/catalog/tires/BFGoodrich/SC1331/Mud-Terrain-T/A-KM2/,done,2026-06-23T01:04:21Z
https://www.tiresandwheels.com/catalog/tires/Atturo/SC2005/Trail-Blade-M/T/,done,2026-06-23T01:04:21Z
https://www.tiresandwheels.com/catalog/tires/Mickey-Thompson-Tires/SC2142/Baja-ATZ-P3/,done,2026-06-23T01:04:21Z
https://www.tiresandwheels.com/catalog/tires/Lexani-Tire/SC2131/LX-Nine/,done,2026-06-23T01:04:21Z
https://www.tiresandwheels.com/catalog/tires/Dick-Cepek-Tires/SC2147/Extreme-Country/,done,2026-06-23T01:04:21Z
https://www.tiresandwheels.com/catalog/tires/Fuel-Tires/SC8015/Gripper-A/T/,done,2026-06-23T01:04:21Z
https://www.tiresandwheels.com/catalog/tires/Cooper/SC2941/Discoverer-STT/,done,2026-06-23T01:04:21Z
https://www.tiresandwheels.com/catalog/tires/Ironman/SC2945/All-Country-M/T/,done,2026-06-23T01:04:21Z
https://www.tiresandwheels.com/catalog/tires/Goodyear/SC2948/Wrangler-MT/R-With-Kevlar/,done,2026-06-23T01:04:21Z
https://www.tiresandwheels.com/catalog/tires/Firestone/SC2957/Destination-A/T/,done,2026-06-23T01:04:21Z
https://www.tiresandwheels.com/catalog/tires/Michelin/SC2960/XPS-Traction/,done,2026-06-23T01:04:21Z
https://www.tiresandwheels.com/catalog/tires/Amp/SC2965/Terrain-Gripper/,done,2026-06-23T01:04:21Z
https://www.tiresandwheels.com/catalog/tires/Bridgestone/SC4913/B380-RFT/,done,2026-06-23T01:04:21Z
https://www.tiresandwheels.com/catalog/tires/Continental/SC2971/4x4Contact/,done,2026-06-23T01:04:21Z
https://www.tiresandwheels.com/catalog/tires/Kelly/SC2980/Safari-TSR/,done,2026-06-23T01:04:21Z
https://www.tiresandwheels.com/catalog/tires/Hercules/SC5561/H/P-4000/,done,2026-06-23T01:04:21Z
https://www.tiresandwheels.com/catalog/tires/Fierce/SC5423/Instinct-ZR/,done,2026-06-23T01:04:21Z
https://www.tiresandwheels.com/catalog/tires/Gladiator/SC13715/X-Comp-M/T/,done,2026-06-23T01:04:21Z
https://www.tiresandwheels.com/catalog/tires/Lanvigator/SC5633/CatchPower/,done,2026-06-23T01:04:21Z
https://www.tiresandwheels.com/catalog/tires/Pegasus/SC5638/Advanta-SUV/,done,2026-06-23T01:04:21Z
https://www.tiresandwheels.com/catalog/tires/Primewell/SC5641/PS850/,done,2026-06-23T01:04:21Z
https://www.tiresandwheels.com/catalog/tires/Starfire/SC5643/SF*340/,done,2026-06-23T01:04:21Z
https://www.tiresandwheels.com/catalog/tires/Suntek/SC5648/Touring-Pro/,done,2026-06-23T01:04:21Z
https://www.tiresandwheels.com/catalog/tires/Rolling-Big-Power-Tires/SC12443/Repulsor-M/T-II/,done,2026-06-23T01:04:21Z
https://www.tiresandwheels.com/catalog/tires/Mastercraft/SC6279/Avenger-G/T/,done,2026-06-23T01:04:21Z
https://www.tiresandwheels.com/catalog/tires/Uniroyal/SC6417/Laredo-Cross-Country/,done,2026-06-23T01:04:21Z
https://www.tiresandwheels.com/catalog/tires/Yokohama/SC9055/Geolandar-AT-G015/,done,2026-06-23T01:04:21Z
https://www.tiresandwheels.com/catalog/tires/Fury/SC7316/Country-Hunter-R/T/,done,2026-06-23T01:04:21Z
https://www.tiresandwheels.com/catalog/tires/Advanta/SC8986/HP-Z01/,done,2026-06-23T01:04:21Z
https://www.tiresandwheels.com/catalog/tires/Kenda/SC12086/Kaiser-KR20A/,done,2026-06-23T01:04:21Z
https://www.tiresandwheels.com/catalog/tires/Super-Swampers/SC12451/Boggers/,done,2026-06-23T01:04:21Z
https://www.tiresandwheels.com/catalog/tires/Venom-Power/SC18765/Terra-Hunter-R/T-Plus/,done,2026-06-23T01:04:21Z
https://www.tiresandwheels.com/catalog/tires/Laufenn/SC14278/S-FIT-AS/,done,2026-06-23T01:04:21Z
https://www.tiresandwheels.com/catalog/tires/Radar/SC15412/Renegade-R/T/,done,2026-06-23T01:04:21Z
https://www.tiresandwheels.com/catalog/tires/Haida/SC15744/HD869-M/T/,done,2026-06-23T01:04:21Z
https://www.tiresandwheels.com/catalog/tires/Ohtsu-Tires/SC18723/AT4000/,done,2026-06-23T01:04:21Z
https://www.tiresandwheels.com/catalog/tires/Vogue/SC16630/Custom-Built-Radial-SCT2-White-With-Gold/,done,2026-06-23T01:04:21Z
https://www.tiresandwheels.com/catalog/tires/GT-Radial/SC18689/Adventuro-ATX/,done,2026-06-23T01:04:21Z
https://www.tiresandwheels.com/catalog/tires/Heritage-Tires/SC18707/RidgeRunner-M/T/,done,2026-06-23T01:04:21Z
https://www.tiresandwheels.com/catalog/tires/Nankang/SC18717/Mudstar-N889/,done,2026-06-23T01:04:21Z
https://www.tiresandwheels.com/catalog/tires/Paragon/SC18728/Sport-HP-A/S/,done,2026-06-23T01:04:21Z
https://www.tiresandwheels.com/catalog/tires/VersaTyre/SC19735/AS900Plus/,done,2026-06-23T01:04:21Z
https://www.tiresandwheels.com/catalog/tires/Hankook/SC9737/Dynapro-AT2-RF11/,done,2026-06-23T01:04:21Z
https://www.tiresandwheels.com/catalog/tires/Nitto/SC353/Mud-Grappler/,done,2026-06-23T01:04:21Z
https://www.tiresandwheels.com/catalog/tires/General/SC379/Grabber-HTS/,done,2026-06-23T01:04:21Z
https://www.tiresandwheels.com/catalog/tires/Kumho/SC502/Ecsta-LX-Platinum/,done,2026-06-23T01:04:21Z
https://www.tiresandwheels.com/catalog/tires/Pirelli/SC6432/Cinturato-P7-All-Season/,done,2026-06-23T01:04:21Z
https://www.tiresandwheels.com/catalog/tires/Federal/SC12105/Formoza-FD2/,done,2026-06-23T01:04:21Z
https://www.tiresandwheels.com/catalog/tires/BFGoodrich/SC1332/Krawler-T/A-KX/,done,2026-06-23T01:04:21Z
https://www.tiresandwheels.com/catalog/tires/Atturo/SC2009/Trail-Blade-X/T/,done,2026-06-23T01:04:21Z
https://www.tiresandwheels.com/catalog/tires/Mickey-Thompson-Tires/SC2141/Baja-STZ/,done,2026-06-23T01:04:21Z
https://www.tiresandwheels.com/catalog/tires/Lexani-Tire/SC2132/LX-Twenty/,done,2026-06-23T01:04:21Z
https://www.tiresandwheels.com/catalog/tires/Dick-Cepek-Tires/SC8806/Trail-Country-EXP/,done,2026-06-23T01:04:21Z
https://www.tiresandwheels.com/catalog/tires/Fuel-Tires/SC8040/UTV-Gripper-M/T/,done,2026-06-23T01:04:21Z
https://www.tiresandwheels.com/catalog/tires/Cooper/SC2943/Discoverer-S/T-MAXX/,done,2026-06-23T01:04:21Z
https://www.tiresandwheels.com/catalog/tires/Ironman/SC5442/All-Country-CHT/,done,2026-06-23T01:04:21Z
https://www.tiresandwheels.com/catalog/tires/Goodyear/SC2949/Wrangler-AT-Adventure/,done,2026-06-23T01:04:21Z
https://www.tiresandwheels.com/catalog/tires/Firestone/SC2958/Destination-LE2/,done,2026-06-23T01:04:21Z
https://www.tiresandwheels.com/catalog/tires/Michelin/SC2961/LTX-A/S/,done,2026-06-23T01:04:21Z
https://www.tiresandwheels.com/catalog/tires/Amp/SC5231/Terrain-Pro-AT/,done,2026-06-23T01:04:21Z
https://www.tiresandwheels.com/catalog/tires/Bridgestone/SC4915/Blizzak-DM-V1/,done,2026-06-23T01:04:21Z
https://www.tiresandwheels.com/catalog/tires/Continental/SC2972/4x4SportContact/,done,2026-06-23T01:04:21Z
https://www.tiresandwheels.com/catalog/tires/Kelly/SC2981/Edge-AT/,done,2026-06-23T01:04:21Z
https://www.tiresandwheels.com/catalog/tires/Hercules/SC5562/HSI-L/,done,2026-06-23T01:04:21Z
https://www.tiresandwheels.com/catalog/tires/Gladiator/SC15238/X-Comp-AT/,done,2026-06-23T01:04:21Z
https://www.tiresandwheels.com/catalog/tires/Lanvigator/SC5634/Comfort-1/,done,2026-06-23T01:04:21Z
https://www.tiresandwheels.com/catalog/tires/Primewell/SC20152/Valera-HT/,done,2026-06-23T01:04:21Z
https://www.tiresandwheels.com/catalog/tires/Starfire/SC5644/SF*510LT/,done,2026-06-23T01:04:21Z
https://www.tiresandwheels.com/catalog/tires/Rolling-Big-Power-Tires/SC17094/Repulsor-M/T-RX/,done,2026-06-23T01:04:21Z
https://www.tiresandwheels.com/catalog/tires/Mastercraft/SC6285/Courser-CXT/,done,2026-06-23T01:04:21Z
https://www.tiresandwheels.com/catalog/tires/Uniroyal/SC6418/Laredo-HD/H/,done,2026-06-23T01:04:21Z
https://www.tiresandwheels.com/catalog/tires/Yokohama/SC9056/Geolandar-G055/,done,2026-06-23T01:04:21Z
https://www.tiresandwheels.com/catalog/tires/Fury/SC13124/Country-Hunter-M/T-2/,done,2026-06-23T01:04:21Z
https://www.tiresandwheels.com/catalog/tires/Advanta/SC12026/ATX-750/,done,2026-06-23T01:04:21Z
https://www.tiresandwheels.com/catalog/tires/Kenda/SC12088/Kenetica-Touring-A/S/,done,2026-06-23T01:04:21Z
https://www.tiresandwheels.com/catalog/tires/Venom-Power/SC9762/Terra-Hunter-XT/,done,2026-06-23T01:04:21Z
https://www.tiresandwheels.com/catalog/tires/Laufenn/SC14279/X-FIT-AT/,done,2026-06-23T01:04:21Z
https://www.tiresandwheels.com/catalog/tires/Radar/SC15413/Renegade-R7-M/T/,done,2026-06-23T01:04:21Z
https://www.tiresandwheels.com/catalog/tires/Haida/SC15745/HD878-R/T/,done,2026-06-23T01:04:21Z
https://www.tiresandwheels.com/catalog/tires/Ohtsu-Tires/SC18724/FP0612-A/S/,done,2026-06-23T01:04:21Z
https://www.tiresandwheels.com/catalog/tires/Vogue/SC16631/Custom-Built-Radial-VIII-White-With-Gold/,done,2026-06-23T01:04:21Z
https://www.tiresandwheels.com/catalog/tires/GT-Radial/SC18690/Adventuro-HT/,done,2026-06-23T01:04:21Z
https://www.tiresandwheels.com/catalog/tires/Heritage-Tires/SC18708/RidgeRunner-R/T-X/,done,2026-06-23T01:04:21Z
https://www.tiresandwheels.com/catalog/tires/Nankang/SC18718/NS-20/,done,2026-06-23T01:04:21Z
https://www.tiresandwheels.com/catalog/tires/Paragon/SC18729/Tour/,done,2026-06-23T01:04:21Z
https://www.tiresandwheels.com/catalog/tires/VersaTyre/SC19737/CRX4000/,done,2026-06-23T01:04:21Z
https://www.tiresandwheels.com/catalog/tires/Hankook/SC11971/Dynapro-HP2-Plus-RA33D/,done,2026-06-23T01:04:21Z
https://www.tiresandwheels.com/catalog/tires/Nitto/SC354/Dune-Grappler/,done,2026-06-23T01:04:21Z
https://www.tiresandwheels.com/catalog/tires/General/SC383/Grabber-UHP/,done,2026-06-23T01:04:21Z
https://www.tiresandwheels.com/catalog/tires/Kumho/SC508/Ecsta-AST/,done,2026-06-23T01:04:21Z
https://www.tiresandwheels.com/catalog/tires/Pirelli/SC6433/Cinturato-P7-All-Season-Plus/,done,2026-06-23T01:04:21Z
https://www.tiresandwheels.com/catalog/tires/Federal/SC12106/Formoza-Gio/,done,2026-06-23T01:04:21Z
https://www.tiresandwheels.com/catalog/tires/BFGoodrich/SC1333/Radial-Long-Trail-T/A/,done,2026-06-23T01:04:21Z
https://www.tiresandwheels.com/catalog/tires/Atturo/SC2966/AZ800/,done,2026-06-23T01:04:21Z
https://www.tiresandwheels.com/catalog/tires/Mickey-Thompson-Tires/SC2143/Baja-MTZ-P3/,done,2026-06-23T01:04:21Z
https://www.tiresandwheels.com/catalog/tires/Lexani-Tire/SC2133/LX-Thirty/,done,2026-06-23T01:04:21Z
https://www.tiresandwheels.com/catalog/tires/Fuel-Tires/SC8042/UTV-Gripper-R/T/,done,2026-06-23T01:04:21Z
https://www.tiresandwheels.com/catalog/tires/Cooper/SC2944/Discoverer-S/T/,done,2026-06-23T01:04:21Z
https://www.tiresandwheels.com/catalog/tires/Ironman/SC5444/GR906/,done,2026-06-23T01:04:21Z
https://www.tiresandwheels.com/catalog/tires/Goodyear/SC2950/Wrangler-ArmorTrac/,done,2026-06-23T01:04:21Z
https://www.tiresandwheels.com/catalog/tires/Firestone/SC5427/Affinity-Touring-S4-FF/,done,2026-06-23T01:04:21Z
https://www.tiresandwheels.com/catalog/tires/Michelin/SC2962/LTX-A/T2/,done,2026-06-23T01:04:21Z
https://www.tiresandwheels.com/catalog/tires/Amp/SC8396/Terrain-Attack-AT/,done,2026-06-23T01:04:21Z
https://www.tiresandwheels.com/catalog/tires/Bridgestone/SC4916/Blizzak-DM-V2/,done,2026-06-23T01:04:21Z
https://www.tiresandwheels.com/catalog/tires/Continental/SC2973/CrossContact-UHP/,done,2026-06-23T01:04:21Z
https://www.tiresandwheels.com/catalog/tires/Kelly/SC5591/Charger-GT/,done,2026-06-23T01:04:21Z
https://www.tiresandwheels.com/catalog/tires/Hercules/SC5570/Raptis-R-T5/,done,2026-06-23T01:04:21Z
https://www.tiresandwheels.com/catalog/tires/Gladiator/SC15514/QR25-TS/,done,2026-06-23T01:04:21Z
https://www.tiresandwheels.com/catalog/tires/Starfire/SC5645/SF*510SUV/,done,2026-06-23T01:04:21Z
https://www.tiresandwheels.com/catalog/tires/Rolling-Big-Power-Tires/SC18088/Repulsor-M/T-3/,done,2026-06-23T01:04:21Z
https://www.tiresandwheels.com/catalog/tires/Mastercraft/SC6286/Courser-HSX-Tour/,done,2026-06-23T01:04:21Z
https://www.tiresandwheels.com/catalog/tires/Uniroyal/SC6419/Laredo-HD/T/,done,2026-06-23T01:04:21Z
https://www.tiresandwheels.com/catalog/tires/Yokohama/SC9057/Geolandar-X-AT/,done,2026-06-23T01:04:21Z
https://www.tiresandwheels.com/catalog/tires/Advanta/SC12027/ER700/,done,2026-06-23T01:04:21Z
https://www.tiresandwheels.com/catalog/tires/Kenda/SC12091/Klever-A/T-2-KR628/,done,2026-06-23T01:04:21Z
https://www.tiresandwheels.com/catalog/tires/Venom-Power/SC14295/Terra-Hunter-M/T/,done,2026-06-23T01:04:21Z
https://www.tiresandwheels.com/catalog/tires/Laufenn/SC14280/X-FIT-HT/,done,2026-06-23T01:04:21Z
https://www.tiresandwheels.com/catalog/tires/Ohtsu-Tires/SC18725/FP7000/,done,2026-06-23T01:04:21Z
https://www.tiresandwheels.com/catalog/tires/Vogue/SC16632/Custom-Built-Radial-VIII-White-With-Red/,done,2026-06-23T01:04:21Z
https://www.tiresandwheels.com/catalog/tires/GT-Radial/SC18691/Champiro-HPY/,done,2026-06-23T01:04:21Z
https://www.tiresandwheels.com/catalog/tires/Nankang/SC18719/NS-25/,done,2026-06-23T01:04:21Z
https://www.tiresandwheels.com/catalog/tires/Paragon/SC18730/TracRunner/,done,2026-06-23T01:04:21Z
https://www.tiresandwheels.com/catalog/tires/VersaTyre/SC19739/HD-MXT/,done,2026-06-23T01:04:21Z
https://www.tiresandwheels.com/catalog/tires/Hankook/SC11972/Kinergy-4S2-H750/,done,2026-06-23T01:04:21Z
https://www.tiresandwheels.com/catalog/tires/Nitto/SC355/Dura-Grappler/,done,2026-06-23T01:04:21Z
https://www.tiresandwheels.com/catalog/tires/General/SC384/AmeriTrac/,done,2026-06-23T01:04:21Z
https://www.tiresandwheels.com/catalog/tires/Kumho/SC509/Ecsta-STX/,done,2026-06-23T01:04:21Z
https://www.tiresandwheels.com/catalog/tires/Pirelli/SC6436/P4-Four-Seasons-Plus/,done,2026-06-23T01:04:21Z
https://www.tiresandwheels.com/catalog/tires/Federal/SC12107/SS595/,done,2026-06-23T01:04:21Z
https://www.tiresandwheels.com/catalog/tires/BFGoodrich/SC1334/Rugged-Trail-T/A/,done,2026-06-23T01:04:21Z
https://www.tiresandwheels.com/catalog/tires/Atturo/SC6947/AZ850/,done,2026-06-23T01:04:21Z
https://www.tiresandwheels.com/catalog/tires/Mickey-Thompson-Tires/SC6300/Baja-MTZ-Radial/,done,2026-06-23T01:04:21Z
https://www.tiresandwheels.com/catalog/tires/Lexani-Tire/SC2138/LXST-105/,done,2026-06-23T01:04:21Z
https://www.tiresandwheels.com/catalog/tires/Fuel-Tires/SC8043/UTV-Gripper-TRK/,done,2026-06-23T01:04:21Z
https://www.tiresandwheels.com/catalog/tires/Cooper/SC3031/Discoverer-A/T3/,done,2026-06-23T01:04:21Z
https://www.tiresandwheels.com/catalog/tires/Ironman/SC5445/iMOVE-GEN2-AS/,done,2026-06-23T01:04:21Z
https://www.tiresandwheels.com/catalog/tires/Goodyear/SC2951/Wrangler-AT/S/,done,2026-06-23T01:04:21Z
https://www.tiresandwheels.com/catalog/tires/Firestone/SC5431/All-Season/,done,2026-06-23T01:04:21Z
https://www.tiresandwheels.com/catalog/tires/Michelin/SC6309/4X4-Diamaris/,done,2026-06-23T01:04:21Z
https://www.tiresandwheels.com/catalog/tires/Amp/SC19747/Terrain-Attack-R/T/,done,2026-06-23T01:04:21Z
https://www.tiresandwheels.com/catalog/tires/Bridgestone/SC4918/Blizzak-LM001-RFT/,done,2026-06-23T01:04:21Z
https://www.tiresandwheels.com/catalog/tires/Continental/SC2974/CrossContact-LX-Sport/,done,2026-06-23T01:04:21Z
https://www.tiresandwheels.com/catalog/tires/Kelly/SC5598/Edge-A/S-Performance/,done,2026-06-23T01:04:21Z
https://www.tiresandwheels.com/catalog/tires/Hercules/SC5574/Roadtour-455-Sport/,done,2026-06-23T01:04:21Z
https://www.tiresandwheels.com/catalog/tires/Gladiator/SC15515/X-Comp-ATR/,done,2026-06-23T01:04:21Z
https://www.tiresandwheels.com/catalog/tires/Starfire/SC15256/Solarus-All-Season/,done,2026-06-23T01:04:21Z
https://www.tiresandwheels.com/catalog/tires/Rolling-Big-Power-Tires/SC18089/Repulsor-R/T/,done,2026-06-23T01:04:21Z
https://www.tiresandwheels.com/catalog/tires/Mastercraft/SC6287/Courser-HTR-Plus/,done,2026-06-23T01:04:21Z
https://www.tiresandwheels.com/catalog/tires/Uniroyal/SC6421/Tiger-Paw-AWP-II/,done,2026-06-23T01:04:21Z
https://www.tiresandwheels.com/catalog/tires/Yokohama/SC9058/Geolandar-X-CV/,done,2026-06-23T01:04:21Z
https://www.tiresandwheels.com/catalog/tires/Advanta/SC12028/HP-Z-01-Plus/,done,2026-06-23T01:04:21Z
https://www.tiresandwheels.com/catalog/tires/Kenda/SC12092/Klever-H/P/,done,2026-06-23T01:04:21Z
https://www.tiresandwheels.com/catalog/tires/Venom-Power/SC20162/Swampthing-AT/,done,2026-06-23T01:04:21Z
https://www.tiresandwheels.com/catalog/tires/Laufenn/SC17549/X-Fit-HP-LA41/,done,2026-06-23T01:04:21Z
https://www.tiresandwheels.com/catalog/tires/Ohtsu-Tires/SC18726/ST5000/,done,2026-06-23T01:04:21Z
https://www.tiresandwheels.com/catalog/tires/Vogue/SC16633/Custom-Built-Radial-XIII-SCT/,done,2026-06-23T01:04:21Z
https://www.tiresandwheels.com/catalog/tires/GT-Radial/SC18692/Champiro-SX2/,done,2026-06-23T01:04:21Z
https://www.tiresandwheels.com/catalog/tires/Nankang/SC18720/SP-5/,done,2026-06-23T01:04:21Z
https://www.tiresandwheels.com/catalog/tires/VersaTyre/SC19740/RT-HD/,done,2026-06-23T01:04:21Z
https://www.tiresandwheels.com/catalog/tires/Hankook/SC11973/Kinergy-4S2-X-H750A/,done,2026-06-23T01:04:21Z
https://www.tiresandwheels.com/catalog/tires/Nitto/SC359/NT555R/,done,2026-06-23T01:04:21Z
https://www.tiresandwheels.com/catalog/tires/General/SC385/AmeriTrac-TR/,done,2026-06-23T01:04:21Z
https://www.tiresandwheels.com/catalog/tires/Kumho/SC511/Road-Venture-APT/,done,2026-06-23T01:04:21Z
https://www.tiresandwheels.com/catalog/tires/Pirelli/SC6439/P600/,done,2026-06-23T01:04:21Z
https://www.tiresandwheels.com/catalog/tires/Federal/SC770/Couragia-M/T/,done,2026-06-23T01:04:21Z
https://www.tiresandwheels.com/catalog/tires/BFGoodrich/SC1335/Rugged-Terrain-T/A/,done,2026-06-23T01:04:21Z
https://www.tiresandwheels.com/catalog/tires/Atturo/SC6948/AW730/,done,2026-06-23T01:04:21Z
https://www.tiresandwheels.com/catalog/tires/Mickey-Thompson-Tires/SC6301/Deegan-38-A/T/,done,2026-06-23T01:04:21Z
https://www.tiresandwheels.com/catalog/tires/Lexani-Tire/SC12449/LXTR-203/,done,2026-06-23T01:04:21Z
https://www.tiresandwheels.com/catalog/tires/Fuel-Tires/SC8752/Gripper-X/T/,done,2026-06-23T01:04:21Z
https://www.tiresandwheels.com/catalog/tires/Cooper/SC5242/Cobra-Radial-G/T/,done,2026-06-23T01:04:21Z
https://www.tiresandwheels.com/catalog/tires/Ironman/SC5446/iMOVE-GEN2-SUV/,done,2026-06-23T01:04:21Z
https://www.tiresandwheels.com/catalog/tires/Goodyear/SC2952/Wrangler-Fortitude-HT/,done,2026-06-23T01:04:21Z
https://www.tiresandwheels.com/catalog/tires/Firestone/SC5432/Champion-Fuel-Fighter/,done,2026-06-23T01:04:21Z
https://www.tiresandwheels.com/catalog/tires/Michelin/SC6312/Alpin-A4/,done,2026-06-23T01:04:21Z
https://www.tiresandwheels.com/catalog/tires/Bridgestone/SC4919/Blizzak-LM001/,done,2026-06-23T01:04:21Z
https://www.tiresandwheels.com/catalog/tires/Continental/SC5150/Conti-4x4-Contact-SSR/,done,2026-06-23T01:04:21Z
https://www.tiresandwheels.com/catalog/tires/Kelly/SC5599/Edge-A/S/,done,2026-06-23T01:04:21Z
https://www.tiresandwheels.com/catalog/tires/Hercules/SC5575/Roadtour-455/,done,2026-06-23T01:04:21Z
https://www.tiresandwheels.com/catalog/tires/Starfire/SC15257/Starfire-Solarus-AP/,done,2026-06-23T01:04:21Z
https://www.tiresandwheels.com/catalog/tires/Mastercraft/SC6289/Courser-HXT/,done,2026-06-23T01:04:21Z
https://www.tiresandwheels.com/catalog/tires/Uniroyal/SC6422/Tiger-Paw-GTZ-All-Season/,done,2026-06-23T01:04:21Z
https://www.tiresandwheels.com/catalog/tires/Yokohama/SC9059/Advan-Apex/,done,2026-06-23T01:04:21Z
https://www.tiresandwheels.com/catalog/tires/Advanta/SC12029/HTR-800/,done,2026-06-23T01:04:21Z
https://www.tiresandwheels.com/catalog/tires/Kenda/SC12093/Klever-H/T-2/,done,2026-06-23T01:04:21Z
https://www.tiresandwheels.com/catalog/tires/Venom-Power/SC20163/Swampthing-MT/,done,2026-06-23T01:04:21Z
https://www.tiresandwheels.com/catalog/tires/Laufenn/SC17550/X-Fit-Van-LV01/,done,2026-06-23T01:04:21Z
https://www.tiresandwheels.com/catalog/tires/Vogue/SC17714/Custom-Built-Radial-XIV/,done,2026-06-23T01:04:21Z
https://www.tiresandwheels.com/catalog/tires/GT-Radial/SC18693/Champiro-Touring-A/S/,done,2026-06-23T01:04:21Z
https://www.tiresandwheels.com/catalog/tires/Nankang/SC18721/SP-7/,done,2026-06-23T01:04:21Z
https://www.tiresandwheels.com/catalog/tires/VersaTyre/SC19741/RT-II/,done,2026-06-23T01:04:21Z
https://www.tiresandwheels.com/catalog/tires/Hankook/SC11974/Kinergy-Eco2-K435/,done,2026-06-23T01:04:21Z
https://www.tiresandwheels.com/catalog/tires/Nitto/SC360/NT555/,done,2026-06-23T01:04:21Z
https://www.tiresandwheels.com/catalog/tires/General/SC386/AltiMAX-Arctic/,done,2026-06-23T01:04:21Z
https://www.tiresandwheels.com/catalog/tires/Kumho/SC512/eco-Solus-KL21/,done,2026-06-23T01:04:21Z
https://www.tiresandwheels.com/catalog/tires/Pirelli/SC6440/P6000/,done,2026-06-23T01:04:21Z
https://www.tiresandwheels.com/catalog/tires/Federal/SC12109/Xplora-M/T/,done,2026-06-23T01:04:21Z
https://www.tiresandwheels.com/catalog/tires/BFGoodrich/SC4889/Advantage-T/A/,done,2026-06-23T01:04:21Z
https://www.tiresandwheels.com/catalog/tires/Atturo/SC6950/AZ610/,done,2026-06-23T01:04:21Z
https://www.tiresandwheels.com/catalog/tires/Mickey-Thompson-Tires/SC6302/ET-Drag/,done,2026-06-23T01:04:21Z
https://www.tiresandwheels.com/catalog/tires/Lexani-Tire/SC12448/LXHT-206/,done,2026-06-23T01:04:21Z
https://www.tiresandwheels.com/catalog/tires/Cooper/SC5243/CS3-Touring/,done,2026-06-23T01:04:21Z
https://www.tiresandwheels.com/catalog/tires/Ironman/SC5450/Radial-A/P/,done,2026-06-23T01:04:21Z
https://www.tiresandwheels.com/catalog/tires/Goodyear/SC2953/Wrangler-HP/,done,2026-06-23T01:04:21Z
https://www.tiresandwheels.com/catalog/tires/Firestone/SC5457/Firehawk-AS/,done,2026-06-23T01:04:21Z
https://www.tiresandwheels.com/catalog/tires/Michelin/SC6313/Cross-Terrain-SUV/,done,2026-06-23T01:04:21Z
https://www.tiresandwheels.com/catalog/tires/Bridgestone/SC4920/Blizzak-LM-25-4X4-MOE/,done,2026-06-23T01:04:21Z
https://www.tiresandwheels.com/catalog/tires/Continental/SC5151/Conti-4x4-WinterContact-SSR/,done,2026-06-23T01:04:21Z
https://www.tiresandwheels.com/catalog/tires/Kelly/SC5600/Edge-HP/,done,2026-06-23T01:04:21Z
https://www.tiresandwheels.com/catalog/tires/Hercules/SC5576/Roadtour-655-MRE/,done,2026-06-23T01:04:21Z
https://www.tiresandwheels.com/catalog/tires/Starfire/SC15258/Starfire-Solarus-HT/,done,2026-06-23T01:04:21Z
https://www.tiresandwheels.com/catalog/tires/Mastercraft/SC6290/Courser-LTR/,done,2026-06-23T01:04:21Z
https://www.tiresandwheels.com/catalog/tires/Uniroyal/SC6423/Tiger-Paw-GTZ-A/S-2/,done,2026-06-23T01:04:21Z
https://www.tiresandwheels.com/catalog/tires/Yokohama/SC9060/Avid-Ascend-GT/,done,2026-06-23T01:04:21Z
https://www.tiresandwheels.com/catalog/tires/Advanta/SC12030/SVT-01-CUV/SUV/,done,2026-06-23T01:04:21Z
https://www.tiresandwheels.com/catalog/tires/Kenda/SC12094/Klever-R/T/,done,2026-06-23T01:04:21Z
https://www.tiresandwheels.com/catalog/tires/Venom-Power/SC20164/Trail-Hunter-ATS/,done,2026-06-23T01:04:21Z
https://www.tiresandwheels.com/catalog/tires/Laufenn/SC17723/I-FIT-Ice/,done,2026-06-23T01:04:21Z
https://www.tiresandwheels.com/catalog/tires/Vogue/SC17715/Custom-Built-Radial-SCT2-Red-Stripe/,done,2026-06-23T01:04:21Z
https://www.tiresandwheels.com/catalog/tires/GT-Radial/SC18694/Champiro-UHPAS/,done,2026-06-23T01:04:21Z
https://www.tiresandwheels.com/catalog/tires/Nankang/SC18722/SP-9/,done,2026-06-23T01:04:21Z
https://www.tiresandwheels.com/catalog/tires/VersaTyre/SC19743/TRX5000/,done,2026-06-23T01:04:21Z
https://www.tiresandwheels.com/catalog/tires/Hankook/SC11975/Ventus-TD-Z221/,done,2026-06-23T01:04:21Z
https://www.tiresandwheels.com/catalog/tires/Nitto/SC362/NT420S/,done,2026-06-23T01:04:21Z
https://www.tiresandwheels.com/catalog/tires/General/SC388/AltiMAX-RT/,done,2026-06-23T01:04:21Z
https://www.tiresandwheels.com/catalog/tires/Kumho/SC514/Road-Venture-MT/,done,2026-06-23T01:04:21Z
https://www.tiresandwheels.com/catalog/tires/Pirelli/SC6441/P6000-Powergy/,done,2026-06-23T01:04:21Z
https://www.tiresandwheels.com/catalog/tires/Federal/SC12110/Xplora-MTS/,done,2026-06-23T01:04:21Z
https://www.tiresandwheels.com/catalog/tires/BFGoodrich/SC4896/Advantage-T/A-Sport/,done,2026-06-23T01:04:21Z
https://www.tiresandwheels.com/catalog/tires/Atturo/SC6949/Trail-Blade-BOSS/,done,2026-06-23T01:04:21Z
https://www.tiresandwheels.com/catalog/tires/Mickey-Thompson-Tires/SC6304/ET-Street-SS/,done,2026-06-23T01:04:21Z
https://www.tiresandwheels.com/catalog/tires/Lexani-Tire/SC12447/LXUHP-207/,done,2026-06-23T01:04:21Z
https://www.tiresandwheels.com/catalog/tires/Cooper/SC5245/CS5-Grand-Touring/,done,2026-06-23T01:04:21Z
https://www.tiresandwheels.com/catalog/tires/Ironman/SC5451/RB-LT/,done,2026-06-23T01:04:21Z
https://www.tiresandwheels.com/catalog/tires/Goodyear/SC2954/Wrangler-SilentArmor/,done,2026-06-23T01:04:21Z
https://www.tiresandwheels.com/catalog/tires/Firestone/SC5458/Firehawk-GT-Pursuit/,done,2026-06-23T01:04:21Z
https://www.tiresandwheels.com/catalog/tires/Michelin/SC6314/Defender-TPlusH/,done,2026-06-23T01:04:21Z
https://www.tiresandwheels.com/catalog/tires/Bridgestone/SC4921/Blizzak-LM-25-4X4-RFT/,done,2026-06-23T01:04:21Z
https://www.tiresandwheels.com/catalog/tires/Continental/SC5152/Conti-4x4-WinterContact/,done,2026-06-23T01:04:21Z
https://www.tiresandwheels.com/catalog/tires/Kelly/SC5601/Explorer-Plus/,done,2026-06-23T01:04:21Z
https://www.tiresandwheels.com/catalog/tires/Hercules/SC5577/Roadtour-655/,done,2026-06-23T01:04:21Z
https://www.tiresandwheels.com/catalog/tires/Starfire/SC15259/Starfire-WR/,done,2026-06-23T01:04:21Z
https://www.tiresandwheels.com/catalog/tires/Mastercraft/SC6291/Courser-MSR/,done,2026-06-23T01:04:21Z
https://www.tiresandwheels.com/catalog/tires/Uniroyal/SC6425/Tiger-Paw-Touring-NT/,done,2026-06-23T01:04:21Z
https://www.tiresandwheels.com/catalog/tires/Yokohama/SC9061/Avid-Ascend-LX/,done,2026-06-23T01:04:21Z
https://www.tiresandwheels.com/catalog/tires/Advanta/SC12031/Touring-750/,done,2026-06-23T01:04:21Z
https://www.tiresandwheels.com/catalog/tires/Kenda/SC12095/Klever-S/T/,done,2026-06-23T01:04:21Z
https://www.tiresandwheels.com/catalog/tires/Venom-Power/SC20165/Trail-Hunter-ATX/,done,2026-06-23T01:04:21Z
https://www.tiresandwheels.com/catalog/tires/Laufenn/SC18709/G-Fit-4S-LH71/,done,2026-06-23T01:04:21Z
https://www.tiresandwheels.com/catalog/tires/Vogue/SC17716/Custom-Built-Radial-Red-Stripe/,done,2026-06-23T01:04:21Z
https://www.tiresandwheels.com/catalog/tires/GT-Radial/SC18695/Champiro-VP1/,done,2026-06-23T01:04:21Z
https://www.tiresandwheels.com/catalog/tires/Nankang/SC20159/XR611/,done,2026-06-23T01:04:21Z
https://www.tiresandwheels.com/catalog/tires/VersaTyre/SC19744/TRX6000/,done,2026-06-23T01:04:21Z
https://www.tiresandwheels.com/catalog/tires/Hankook/SC13168/Kinergy-AS-X-ev-EH01A/,done,2026-06-23T01:04:21Z
https://www.tiresandwheels.com/catalog/tires/Nitto/SC363/NT05/,done,2026-06-23T01:04:21Z
https://www.tiresandwheels.com/catalog/tires/General/SC5485/Altimax-Arctic-12/,done,2026-06-23T01:04:21Z
https://www.tiresandwheels.com/catalog/tires/Kumho/SC5604/Crugen-HP91/,done,2026-06-23T01:04:21Z
https://www.tiresandwheels.com/catalog/tires/Pirelli/SC6442/PZero/,done,2026-06-23T01:04:21Z
https://www.tiresandwheels.com/catalog/tires/Federal/SC13592/Xplora-RT/,done,2026-06-23T01:04:21Z
https://www.tiresandwheels.com/catalog/tires/BFGoodrich/SC4897/g-Force-COMP-2-A/S/,done,2026-06-23T01:04:21Z
https://www.tiresandwheels.com/catalog/tires/Atturo/SC12453/Trail-Blade-MTS/,done,2026-06-23T01:04:21Z
https://www.tiresandwheels.com/catalog/tires/Mickey-Thompson-Tires/SC6306/Sportsman-S/R-Radial/,done,2026-06-23T01:04:21Z
https://www.tiresandwheels.com/catalog/tires/Lexani-Tire/SC12445/LX-SIX-II/,done,2026-06-23T01:04:21Z
https://www.tiresandwheels.com/catalog/tires/Cooper/SC5246/CS5-Ultra-Touring/,done,2026-06-23T01:04:21Z
https://www.tiresandwheels.com/catalog/tires/Ironman/SC5452/RB-SUV/,done,2026-06-23T01:04:21Z
https://www.tiresandwheels.com/catalog/tires/Goodyear/SC2963/Wrangler-SR-A/,done,2026-06-23T01:04:21Z
https://www.tiresandwheels.com/catalog/tires/Firestone/SC5459/Firehawk-GT/,done,2026-06-23T01:04:21Z
https://www.tiresandwheels.com/catalog/tires/Michelin/SC6315/Defender/,done,2026-06-23T01:04:21Z
https://www.tiresandwheels.com/catalog/tires/Bridgestone/SC4922/Blizzak-LM-25-RFT/,done,2026-06-23T01:04:21Z
https://www.tiresandwheels.com/catalog/tires/Continental/SC5153/ContiCrossContact-LX-Sport-SSR/,done,2026-06-23T01:04:21Z
https://www.tiresandwheels.com/catalog/tires/Kelly/SC5602/Navigator-Touring-Gold/,done,2026-06-23T01:04:21Z
https://www.tiresandwheels.com/catalog/tires/Hercules/SC5578/Roadtour-855-SPE/,done,2026-06-23T01:04:21Z
https://www.tiresandwheels.com/catalog/tires/Mastercraft/SC6292/Courser-MXT/,done,2026-06-23T01:04:21Z
https://www.tiresandwheels.com/catalog/tires/Uniroyal/SC6427/Tiger-Paw-Touring-TT/,done,2026-06-23T01:04:21Z
https://www.tiresandwheels.com/catalog/tires/Yokohama/SC9062/Geolandar-X-M-T/,done,2026-06-23T01:04:21Z
https://www.tiresandwheels.com/catalog/tires/Advanta/SC19391/ATX-850/,done,2026-06-23T01:04:21Z
https://www.tiresandwheels.com/catalog/tires/Kenda/SC12097/Vezda-Touring-A/S/,done,2026-06-23T01:04:21Z
https://www.tiresandwheels.com/catalog/tires/Venom-Power/SC20166/Trail-Hunter-RT/,done,2026-06-23T01:04:21Z
https://www.tiresandwheels.com/catalog/tires/Vogue/SC18734/Classic-White-Grand-Touring/,done,2026-06-23T01:04:21Z
https://www.tiresandwheels.com/catalog/tires/GT-Radial/SC18696/Maxmiler-Pro/,done,2026-06-23T01:04:21Z
https://www.tiresandwheels.com/catalog/tires/VersaTyre/SC19745/X-Terrain/,done,2026-06-23T01:04:21Z
https://www.tiresandwheels.com/catalog/tires/Hankook/SC13169/Ventus-S1-evo-Z-K129/,done,2026-06-23T01:04:21Z
https://www.tiresandwheels.com/catalog/tires/Nitto/SC364/NT01/,done,2026-06-23T01:04:21Z
https://www.tiresandwheels.com/catalog/tires/General/SC5486/Altimax-RT43/,done,2026-06-23T01:04:21Z
https://www.tiresandwheels.com/catalog/tires/Kumho/SC5605/Crugen-HT51/,done,2026-06-23T01:04:21Z
https://www.tiresandwheels.com/catalog/tires/Pirelli/SC6443/PZero-All-Season-Plus/,done,2026-06-23T01:04:21Z
https://www.tiresandwheels.com/catalog/tires/BFGoodrich/SC4898/g-Force-R1/,done,2026-06-23T01:04:21Z
https://www.tiresandwheels.com/catalog/tires/Atturo/SC12454/Trail-Blade-ATS/,done,2026-06-23T01:04:21Z
https://www.tiresandwheels.com/catalog/tires/Mickey-Thompson-Tires/SC6307/Street-Comp/,done,2026-06-23T01:04:21Z
https://www.tiresandwheels.com/catalog/tires/Lexani-Tire/SC12444/TERRAIN-BEAST-A/T/,done,2026-06-23T01:04:21Z
https://www.tiresandwheels.com/catalog/tires/Cooper/SC5247/Discoverer-A/TW/,done,2026-06-23T01:04:21Z
https://www.tiresandwheels.com/catalog/tires/Ironman/SC5453/RB-12-NWS/,done,2026-06-23T01:04:21Z
https://www.tiresandwheels.com/catalog/tires/Goodyear/SC5505/Assurance-All-Season/,done,2026-06-23T01:04:21Z
https://www.tiresandwheels.com/catalog/tires/Firestone/SC5462/Firehawk-Indy-500/,done,2026-06-23T01:04:21Z
https://www.tiresandwheels.com/catalog/tires/Michelin/SC6316/Energy-LX4/,done,2026-06-23T01:04:21Z
https://www.tiresandwheels.com/catalog/tires/Bridgestone/SC4924/Blizzak-LM-32/,done,2026-06-23T01:04:21Z
https://www.tiresandwheels.com/catalog/tires/Continental/SC5154/ContiCrossContact-LX/,done,2026-06-23T01:04:21Z
https://www.tiresandwheels.com/catalog/tires/Kelly/SC14852/Edge-HT/,done,2026-06-23T01:04:21Z
https://www.tiresandwheels.com/catalog/tires/Hercules/SC5580/Terra-Trac-AT-II/,done,2026-06-23T01:04:21Z
https://www.tiresandwheels.com/catalog/tires/Mastercraft/SC6293/Courser-STR/,done,2026-06-23T01:04:21Z
https://www.tiresandwheels.com/catalog/tires/Uniroyal/SC8790/Ice-and-Snow-3/,done,2026-06-23T01:04:21Z
https://www.tiresandwheels.com/catalog/tires/Yokohama/SC9063/Geolandar-X-M-T-Plus/,done,2026-06-23T01:04:21Z
https://www.tiresandwheels.com/catalog/tires/Advanta/SC19698/ER800/,done,2026-06-23T01:04:21Z
https://www.tiresandwheels.com/catalog/tires/Kenda/SC12098/Vezda-UHP-A/S/,done,2026-06-23T01:04:21Z
https://www.tiresandwheels.com/catalog/tires/Vogue/SC20131/Custom-Built-Radial-VIII-Blue-Stripe/,done,2026-06-23T01:04:21Z
https://www.tiresandwheels.com/catalog/tires/GT-Radial/SC18697/Maxtour-All-Season/,done,2026-06-23T01:04:21Z
https://www.tiresandwheels.com/catalog/tires/Hankook/SC14146/Ventus-S1-AS-H125/,done,2026-06-23T01:04:21Z
https://www.tiresandwheels.com/catalog/tires/Nitto/SC365/NT-SN2-Winter/,done,2026-06-23T01:04:21Z
https://www.tiresandwheels.com/catalog/tires/General/SC5487/G-MAX-AS-03/,done,2026-06-23T01:04:21Z
https://www.tiresandwheels.com/catalog/tires/Kumho/SC5606/Crugen-KL33/,done,2026-06-23T01:04:21Z
https://www.tiresandwheels.com/catalog/tires/Pirelli/SC6444/PZero-All-Season/,done,2026-06-23T01:04:21Z
https://www.tiresandwheels.com/catalog/tires/BFGoodrich/SC4899/g-Force-R1-S/,done,2026-06-23T01:04:21Z
https://www.tiresandwheels.com/catalog/tires/Mickey-Thompson-Tires/SC8511/Baja-Boss-MT/,done,2026-06-23T01:04:21Z
https://www.tiresandwheels.com/catalog/tires/Cooper/SC5249/Discoverer-H/T-Plus/,done,2026-06-23T01:04:21Z
https://www.tiresandwheels.com/catalog/tires/Ironman/SC5454/RB-12/,done,2026-06-23T01:04:21Z
https://www.tiresandwheels.com/catalog/tires/Goodyear/SC5506/Assurance-ComforTred-Touring/,done,2026-06-23T01:04:21Z
https://www.tiresandwheels.com/catalog/tires/Firestone/SC5463/Firehawk-PV41/,done,2026-06-23T01:04:21Z
https://www.tiresandwheels.com/catalog/tires/Michelin/SC6318/Energy-MXV4-S8/,done,2026-06-23T01:04:21Z
https://www.tiresandwheels.com/catalog/tires/Bridgestone/SC4925/Blizzak-LM-32-EX/,done,2026-06-23T01:04:21Z
https://www.tiresandwheels.com/catalog/tires/Continental/SC5156/ContiCrossContact-Winter/,done,2026-06-23T01:04:21Z
https://www.tiresandwheels.com/catalog/tires/Kelly/SC14853/Edge-MT/,done,2026-06-23T01:04:21Z
https://www.tiresandwheels.com/catalog/tires/Hercules/SC5584/Terra-Trac-M/T/,done,2026-06-23T01:04:21Z
https://www.tiresandwheels.com/catalog/tires/Mastercraft/SC6294/Glacier-Grip-II/,done,2026-06-23T01:04:21Z
https://www.tiresandwheels.com/catalog/tires/Uniroyal/SC9759/Laredo-AWT3/,done,2026-06-23T01:04:21Z
https://www.tiresandwheels.com/catalog/tires/Yokohama/SC9064/Geolandar-M/T-G003/,done,2026-06-23T01:04:21Z
https://www.tiresandwheels.com/catalog/tires/Advanta/SC19699/HPZ-02/,done,2026-06-23T01:04:21Z
https://www.tiresandwheels.com/catalog/tires/Kenda/SC18806/Klever-M/T2-KR629/,done,2026-06-23T01:04:21Z
https://www.tiresandwheels.com/catalog/tires/GT-Radial/SC18698/Maxtour-LX/,done,2026-06-23T01:04:21Z
https://www.tiresandwheels.com/catalog/tires/Hankook/SC14874/I*Cept-Evo3-W330/,done,2026-06-23T01:04:21Z
https://www.tiresandwheels.com/catalog/tires/Nitto/SC366/Neo-Gen/,done,2026-06-23T01:04:21Z
https://www.tiresandwheels.com/catalog/tires/General/SC5488/G-MAX-AS-05/,done,2026-06-23T01:04:21Z
https://www.tiresandwheels.com/catalog/tires/Kumho/SC5607/Ecsta-4X-KU22/,done,2026-06-23T01:04:21Z
https://www.tiresandwheels.com/catalog/tires/Pirelli/SC6445/PZero-Corsa-(PZC4)/,done,2026-06-23T01:04:21Z
https://www.tiresandwheels.com/catalog/tires/BFGoodrich/SC4900/g-Force-Sport-Comp-2/,done,2026-06-23T01:04:21Z
https://www.tiresandwheels.com/catalog/tires/Mickey-Thompson-Tires/SC11990/Baja-Pro-X/,done,2026-06-23T01:04:21Z
https://www.tiresandwheels.com/catalog/tires/Cooper/SC5251/Discoverer-HT3/,done,2026-06-23T01:04:21Z
https://www.tiresandwheels.com/catalog/tires/Ironman/SC5448/iMove/,done,2026-06-23T01:04:21Z
https://www.tiresandwheels.com/catalog/tires/Goodyear/SC5507/Assurance-ComforTred/,done,2026-06-23T01:04:21Z
https://www.tiresandwheels.com/catalog/tires/Firestone/SC5464/Firehawk-PVS/,done,2026-06-23T01:04:21Z
https://www.tiresandwheels.com/catalog/tires/Michelin/SC6319/Energy-Saver-A/S/,done,2026-06-23T01:04:21Z
https://www.tiresandwheels.com/catalog/tires/Bridgestone/SC4927/Blizzak-LM-50/,done,2026-06-23T01:04:21Z
https://www.tiresandwheels.com/catalog/tires/Continental/SC5157/ContiEcoContact-EP/,done,2026-06-23T01:04:21Z
https://www.tiresandwheels.com/catalog/tires/Kelly/SC15249/Winter-Access/,done,2026-06-23T01:04:21Z
https://www.tiresandwheels.com/catalog/tires/Hercules/SC5587/Terra-Trac-T/G-MAX/,done,2026-06-23T01:04:21Z
https://www.tiresandwheels.com/catalog/tires/Mastercraft/SC6295/LSR-Grand-Touring/,done,2026-06-23T01:04:21Z
https://www.tiresandwheels.com/catalog/tires/Uniroyal/SC9760/Tiger-Paw-Touring-A/S/,done,2026-06-23T01:04:21Z
https://www.tiresandwheels.com/catalog/tires/Yokohama/SC9065/Geolandar-I/T/,done,2026-06-23T01:04:21Z
https://www.tiresandwheels.com/catalog/tires/Advanta/SC19700/SVT-02/,done,2026-06-23T01:04:21Z
https://www.tiresandwheels.com/catalog/tires/Kenda/SC19722/Vezda-Touring-4S/,done,2026-06-23T01:04:21Z
https://www.tiresandwheels.com/catalog/tires/GT-Radial/SC18699/Savero-HT2/,done,2026-06-23T01:04:21Z
https://www.tiresandwheels.com/catalog/tires/Hankook/SC14901/Dynapro-AT2-Xtreme-RF12/,done,2026-06-23T01:04:21Z
https://www.tiresandwheels.com/catalog/tires/Nitto/SC367/Invo/,done,2026-06-23T01:04:21Z
https://www.tiresandwheels.com/catalog/tires/General/SC5489/Grabber-APT/,done,2026-06-23T01:04:21Z
https://www.tiresandwheels.com/catalog/tires/Kumho/SC5609/Ecsta-4XII/,done,2026-06-23T01:04:21Z
https://www.tiresandwheels.com/catalog/tires/Pirelli/SC6446/PZero-Corsa-System-Asimmetrico-2/,done,2026-06-23T01:04:21Z
https://www.tiresandwheels.com/catalog/tires/BFGoodrich/SC4901/g-Force-Super-Sport-A/S/,done,2026-06-23T01:04:21Z
https://www.tiresandwheels.com/catalog/tires/Mickey-Thompson-Tires/SC11991/Baja-Pro-XS/,done,2026-06-23T01:04:21Z
https://www.tiresandwheels.com/catalog/tires/Cooper/SC5252/Discoverer-MPlusS/,done,2026-06-23T01:04:21Z
https://www.tiresandwheels.com/catalog/tires/Ironman/SC14533/All-Country-AT2/,done,2026-06-23T01:04:21Z
https://www.tiresandwheels.com/catalog/tires/Goodyear/SC5508/Assurance-CS-Fuel-Max/,done,2026-06-23T01:04:21Z
https://www.tiresandwheels.com/catalog/tires/Firestone/SC5468/FR710/,done,2026-06-23T01:04:21Z
https://www.tiresandwheels.com/catalog/tires/Michelin/SC6322/Energy-Saver/,done,2026-06-23T01:04:21Z
https://www.tiresandwheels.com/catalog/tires/Bridgestone/SC4929/Blizzak-LM-60-RFT/,done,2026-06-23T01:04:21Z
https://www.tiresandwheels.com/catalog/tires/Continental/SC5158/ContiForceContact/,done,2026-06-23T01:04:21Z
https://www.tiresandwheels.com/catalog/tires/Kelly/SC19711/Edge-Sport/,done,2026-06-23T01:04:21Z
https://www.tiresandwheels.com/catalog/tires/Hercules/SC5588/Tour-4.0-Plus/,done,2026-06-23T01:04:21Z
https://www.tiresandwheels.com/catalog/tires/Mastercraft/SC6297/SRT-Touring/,done,2026-06-23T01:04:21Z
https://www.tiresandwheels.com/catalog/tires/Uniroyal/SC11957/Tiger-Paw-AWP-3/,done,2026-06-23T01:04:21Z
https://www.tiresandwheels.com/catalog/tires/Yokohama/SC9066/Geolandar-H/T--S/,done,2026-06-23T01:04:21Z
https://www.tiresandwheels.com/catalog/tires/Kenda/SC19723/Vezda-UHP-KR20A/,done,2026-06-23T01:04:21Z
https://www.tiresandwheels.com/catalog/tires/GT-Radial/SC20145/Savero-Komodo-MT-Plus/,done,2026-06-23T01:04:21Z
https://www.tiresandwheels.com/catalog/tires/Hankook/SC14902/Dynapro-XT-RC10/,done,2026-06-23T01:04:21Z
https://www.tiresandwheels.com/catalog/tires/Nitto/SC1930/Exo-Grappler/,done,2026-06-23T01:04:21Z
https://www.tiresandwheels.com/catalog/tires/General/SC5490/Grabber-Arctic-LT/,done,2026-06-23T01:04:21Z
https://www.tiresandwheels.com/catalog/tires/Kumho/SC5610/Ecsta-PA31/,done,2026-06-23T01:04:21Z
https://www.tiresandwheels.com/catalog/tires/Pirelli/SC6447/PZero-Corsa-System-Asimmetrico/,done,2026-06-23T01:04:21Z
https://www.tiresandwheels.com/catalog/tires/BFGoodrich/SC4906/Radial-T/A-Spec/,done,2026-06-23T01:04:21Z
https://www.tiresandwheels.com/catalog/tires/Mickey-Thompson-Tires/SC11989/Baja-Boss-X/,done,2026-06-23T01:04:21Z
https://www.tiresandwheels.com/catalog/tires/Cooper/SC5253/Discoverer-SRX/,done,2026-06-23T01:04:21Z
https://www.tiresandwheels.com/catalog/tires/Ironman/SC14534/iMOVE-Gen-3-AS/,done,2026-06-23T01:04:21Z
https://www.tiresandwheels.com/catalog/tires/Goodyear/SC5509/Assurance-CS-TripleTred-All-Season/,done,2026-06-23T01:04:21Z
https://www.tiresandwheels.com/catalog/tires/Firestone/SC5469/FT140/,done,2026-06-23T01:04:21Z
https://www.tiresandwheels.com/catalog/tires/Michelin/SC6324/HydroEdge/,done,2026-06-23T01:04:21Z
https://www.tiresandwheels.com/catalog/tires/Bridgestone/SC4930/Blizzak-LM-80-RFT/,done,2026-06-23T01:04:21Z
https://www.tiresandwheels.com/catalog/tires/Continental/SC5160/ContiPremiumContact-2/,done,2026-06-23T01:04:21Z
https://www.tiresandwheels.com/catalog/tires/Kelly/SC19712/Edge-Touring-AS/,done,2026-06-23T01:04:21Z
https://www.tiresandwheels.com/catalog/tires/Hercules/SC9738/Avalanche-RT/,done,2026-06-23T01:04:21Z
https://www.tiresandwheels.com/catalog/tires/Mastercraft/SC15665/Avenger-M8/,done,2026-06-23T01:04:21Z
https://www.tiresandwheels.com/catalog/tires/Uniroyal/SC17535/Power-Paw-A/S/,done,2026-06-23T01:04:21Z
https://www.tiresandwheels.com/catalog/tires/Yokohama/SC9067/Geolandar-H/T-G056/,done,2026-06-23T01:04:21Z
https://www.tiresandwheels.com/catalog/tires/Hankook/SC14903/Ventus-Prime3-X-K125A/,done,2026-06-23T01:04:21Z
https://www.tiresandwheels.com/catalog/tires/Nitto/SC1940/Terra-Grappler-G2/,done,2026-06-23T01:04:21Z
https://www.tiresandwheels.com/catalog/tires/General/SC5491/Grabber-Arctic/,done,2026-06-23T01:04:21Z
https://www.tiresandwheels.com/catalog/tires/Kumho/SC5611/Ecsta-PS31/,done,2026-06-23T01:04:21Z
https://www.tiresandwheels.com/catalog/tires/Pirelli/SC6448/PZero-Corsa-System-Direzionale/,done,2026-06-23T01:04:21Z
https://www.tiresandwheels.com/catalog/tires/BFGoodrich/SC4907/Radial-T/A/,done,2026-06-23T01:04:21Z
https://www.tiresandwheels.com/catalog/tires/Mickey-Thompson-Tires/SC12309/ET-Street-Radial/,done,2026-06-23T01:04:21Z
https://www.tiresandwheels.com/catalog/tires/Cooper/SC5254/Evolution-H/T/,done,2026-06-23T01:04:21Z
https://www.tiresandwheels.com/catalog/tires/Ironman/SC14535/iMOVE-PT/,done,2026-06-23T01:04:21Z
https://www.tiresandwheels.com/catalog/tires/Goodyear/SC5510/Assurance-Fuel-Max/,done,2026-06-23T01:04:21Z
https://www.tiresandwheels.com/catalog/tires/Firestone/SC5473/Transforce-AT2/,done,2026-06-23T01:04:21Z
https://www.tiresandwheels.com/catalog/tires/Michelin/SC6326/Latitude-Alpin-LA2/,done,2026-06-23T01:04:21Z
https://www.tiresandwheels.com/catalog/tires/Bridgestone/SC4931/Blizzak-LM-80/,done,2026-06-23T01:04:21Z
https://www.tiresandwheels.com/catalog/tires/Continental/SC5162/ContiSportContact-3-SSR/,done,2026-06-23T01:04:21Z
https://www.tiresandwheels.com/catalog/tires/Kelly/SC19713/Safari-MT/,done,2026-06-23T01:04:21Z
https://www.tiresandwheels.com/catalog/tires/Hercules/SC9739/Terra-Trac-CH4/,done,2026-06-23T01:04:21Z
https://www.tiresandwheels.com/catalog/tires/Mastercraft/SC15666/Courser-AXT2/,done,2026-06-23T01:04:21Z
https://www.tiresandwheels.com/catalog/tires/Uniroyal/SC17717/Laredo-HT/,done,2026-06-23T01:04:21Z
https://www.tiresandwheels.com/catalog/tires/Yokohama/SC9068/Geolandar-G033/,done,2026-06-23T01:04:21Z
https://www.tiresandwheels.com/catalog/tires/Hankook/SC15239/I*Cept-EVO3-SUV-W330A/,done,2026-06-23T01:04:21Z
https://www.tiresandwheels.com/catalog/tires/Nitto/SC2617/NT421Q/,done,2026-06-23T01:04:21Z
https://www.tiresandwheels.com/catalog/tires/General/SC5492/Grabber-HD/,done,2026-06-23T01:04:21Z
https://www.tiresandwheels.com/catalog/tires/Kumho/SC5612/Ecsta-PS91/,done,2026-06-23T01:04:21Z
https://www.tiresandwheels.com/catalog/tires/Pirelli/SC6449/PZero-Nero-All-Season/,done,2026-06-23T01:04:21Z
https://www.tiresandwheels.com/catalog/tires/BFGoodrich/SC4908/Touring-T/A-DT/,done,2026-06-23T01:04:21Z
https://www.tiresandwheels.com/catalog/tires/Mickey-Thompson-Tires/SC12310/ET-Street-Radial-Pro/,done,2026-06-23T01:04:21Z
https://www.tiresandwheels.com/catalog/tires/Cooper/SC5256/Trendsetter-SE/,done,2026-06-23T01:04:21Z
https://www.tiresandwheels.com/catalog/tires/Ironman/SC17523/All-Country-HT/,done,2026-06-23T01:04:21Z
https://www.tiresandwheels.com/catalog/tires/Goodyear/SC5511/Assurance-TripleTred-All-Season/,done,2026-06-23T01:04:21Z
https://www.tiresandwheels.com/catalog/tires/Firestone/SC5475/Winterforce-2-UV/,done,2026-06-23T01:04:21Z
https://www.tiresandwheels.com/catalog/tires/Michelin/SC6327/Latitude-Alpin/,done,2026-06-23T01:04:21Z
https://www.tiresandwheels.com/catalog/tires/Bridgestone/SC4932/Blizzak-LM-500/,done,2026-06-23T01:04:21Z
https://www.tiresandwheels.com/catalog/tires/Continental/SC5163/ContiSportContact-3/,done,2026-06-23T01:04:21Z
https://www.tiresandwheels.com/catalog/tires/Kelly/SC20170/Edge-Touring-Plus/,done,2026-06-23T01:04:21Z
https://www.tiresandwheels.com/catalog/tires/Hercules/SC14270/Avalanche-TT/,done,2026-06-23T01:04:21Z
https://www.tiresandwheels.com/catalog/tires/Mastercraft/SC15667/Courser-Trail/,done,2026-06-23T01:04:21Z
https://www.tiresandwheels.com/catalog/tires/Uniroyal/SC17718/Laredo-AT/,done,2026-06-23T01:04:21Z
https://www.tiresandwheels.com/catalog/tires/Yokohama/SC9069/Geolandar-ATS/,done,2026-06-23T01:04:21Z
https://www.tiresandwheels.com/catalog/tires/Hankook/SC15240/I*Pike-X-W429/,done,2026-06-23T01:04:21Z
https://www.tiresandwheels.com/catalog/tires/Nitto/SC2937/NT555-G2/,done,2026-06-23T01:04:21Z
https://www.tiresandwheels.com/catalog/tires/General/SC5493/Grabber-HTS60/,done,2026-06-23T01:04:21Z
https://www.tiresandwheels.com/catalog/tires/Kumho/SC5613/Ecsta-V70A/,done,2026-06-23T01:04:21Z
https://www.tiresandwheels.com/catalog/tires/Pirelli/SC6450/PZero-Nero/,done,2026-06-23T01:04:21Z
https://www.tiresandwheels.com/catalog/tires/BFGoodrich/SC4910/Traction-T/A/,done,2026-06-23T01:04:21Z
https://www.tiresandwheels.com/catalog/tires/Mickey-Thompson-Tires/SC13769/Baja-Boss-A/T/,done,2026-06-23T01:04:21Z
https://www.tiresandwheels.com/catalog/tires/Cooper/SC5257/Weather-Master-S/T2/,done,2026-06-23T01:04:21Z
https://www.tiresandwheels.com/catalog/tires/Ironman/SC17534/Polar-Trax-Gen2/,done,2026-06-23T01:04:21Z
https://www.tiresandwheels.com/catalog/tires/Goodyear/SC5512/Assurance-TripleTred/,done,2026-06-23T01:04:21Z
https://www.tiresandwheels.com/catalog/tires/Firestone/SC5476/Winterforce-2/,done,2026-06-23T01:04:21Z
https://www.tiresandwheels.com/catalog/tires/Michelin/SC6329/Latitude-Sport/,done,2026-06-23T01:04:21Z
https://www.tiresandwheels.com/catalog/tires/Bridgestone/SC4933/Blizzak-MZ-03-RFT/,done,2026-06-23T01:04:21Z
https://www.tiresandwheels.com/catalog/tires/Continental/SC5164/ContiSportContact-5-Conti*Seal/,done,2026-06-23T01:04:21Z
https://www.tiresandwheels.com/catalog/tires/Hercules/SC14271/Avalanche-XUV/,done,2026-06-23T01:04:21Z
https://www.tiresandwheels.com/catalog/tires/Mastercraft/SC15668/Courser-Trail-HD/,done,2026-06-23T01:04:21Z
https://www.tiresandwheels.com/catalog/tires/Yokohama/SC9070/Geolandar-CV-G058/,done,2026-06-23T01:04:21Z
https://www.tiresandwheels.com/catalog/tires/Hankook/SC15647/Vantra/,done,2026-06-23T01:04:21Z
https://www.tiresandwheels.com/catalog/tires/Nitto/SC3001/NT05R/,done,2026-06-23T01:04:21Z
https://www.tiresandwheels.com/catalog/tires/General/SC5495/Grabber-X3/,done,2026-06-23T01:04:21Z
https://www.tiresandwheels.com/catalog/tires/Kumho/SC5614/Ecsta-V710/,done,2026-06-23T01:04:21Z
https://www.tiresandwheels.com/catalog/tires/Pirelli/SC6451/PZero-Nero-GT/,done,2026-06-23T01:04:21Z
https://www.tiresandwheels.com/catalog/tires/BFGoodrich/SC5065/Advantage-T/A-Sport-LT/,done,2026-06-23T01:04:21Z
https://www.tiresandwheels.com/catalog/tires/Mickey-Thompson-Tires/SC6308/Baja-Claw/,done,2026-06-23T01:04:21Z
https://www.tiresandwheels.com/catalog/tires/Cooper/SC5258/Weather-Master-WSC/,done,2026-06-23T01:04:21Z
https://www.tiresandwheels.com/catalog/tires/Goodyear/SC9724/Efficient-Grip/,done,2026-06-23T01:04:21Z
https://www.tiresandwheels.com/catalog/tires/Firestone/SC5472/Transforce-AT/,done,2026-06-23T01:04:21Z
https://www.tiresandwheels.com/catalog/tires/Michelin/SC6330/Latitude-Sport-3/,done,2026-06-23T01:04:21Z
https://www.tiresandwheels.com/catalog/tires/Bridgestone/SC4934/Blizzak-WS60/,done,2026-06-23T01:04:21Z
https://www.tiresandwheels.com/catalog/tires/Continental/SC5165/ContiSportContact-5-SSR/,done,2026-06-23T01:04:21Z
https://www.tiresandwheels.com/catalog/tires/Hercules/SC14272/H-901-LT/,done,2026-06-23T01:04:21Z
https://www.tiresandwheels.com/catalog/tires/Mastercraft/SC15669/Glacier-MSR/,done,2026-06-23T01:04:21Z
https://www.tiresandwheels.com/catalog/tires/Yokohama/SC9072/Geolandar-G055E/,done,2026-06-23T01:04:21Z
https://www.tiresandwheels.com/catalog/tires/Hankook/SC17726/Winter-i*Pike-X-W429A/,done,2026-06-23T01:04:21Z
https://www.tiresandwheels.com/catalog/tires/Nitto/SC3002/NT90W/,done,2026-06-23T01:04:21Z
https://www.tiresandwheels.com/catalog/tires/General/SC9128/Grabber-ATX/,done,2026-06-23T01:04:21Z
https://www.tiresandwheels.com/catalog/tires/Kumho/SC5616/Ecsta-V720/,done,2026-06-23T01:04:21Z
https://www.tiresandwheels.com/catalog/tires/Pirelli/SC6452/PZero-(PZ4)/,done,2026-06-23T01:04:21Z
https://www.tiresandwheels.com/catalog/tires/BFGoodrich/SC5091/All-Terrain-T/A-KO2/,done,2026-06-23T01:04:21Z
https://www.tiresandwheels.com/catalog/tires/Mickey-Thompson-Tires/SC14905/Baja-Legend-EXP/,done,2026-06-23T01:04:21Z
https://www.tiresandwheels.com/catalog/tires/Cooper/SC5259/WM-SA2/,done,2026-06-23T01:04:21Z
https://www.tiresandwheels.com/catalog/tires/Goodyear/SC15517/Assurance-ComfortDrive/,done,2026-06-23T01:04:21Z
https://www.tiresandwheels.com/catalog/tires/Firestone/SC5428/Affinity-Touring/,done,2026-06-23T01:04:21Z
https://www.tiresandwheels.com/catalog/tires/Michelin/SC6331/Latitude-Tour-HP/,done,2026-06-23T01:04:21Z
https://www.tiresandwheels.com/catalog/tires/Bridgestone/SC4935/Blizzak-WS70/,done,2026-06-23T01:04:21Z
https://www.tiresandwheels.com/catalog/tires/Continental/SC5166/ContiSportContact-5/,done,2026-06-23T01:04:21Z
https://www.tiresandwheels.com/catalog/tires/Hercules/SC14273/Terra-Trac-AT-X-Journey/,done,2026-06-23T01:04:21Z
https://www.tiresandwheels.com/catalog/tires/Mastercraft/SC15670/Glacier-Trex/,done,2026-06-23T01:04:21Z
https://www.tiresandwheels.com/catalog/tires/Yokohama/SC9073/Iceguard-G075/,done,2026-06-23T01:04:21Z
https://www.tiresandwheels.com/catalog/tires/Hankook/SC17727/Winter-i*Pike-RS2-W429/,done,2026-06-23T01:04:21Z
https://www.tiresandwheels.com/catalog/tires/Nitto/SC3039/Ridge-Grappler/,done,2026-06-23T01:04:21Z
https://www.tiresandwheels.com/catalog/tires/General/SC9721/G-MAX-Justice/,done,2026-06-23T01:04:21Z
https://www.tiresandwheels.com/catalog/tires/Kumho/SC5619/Road-Venture-AT51/,done,2026-06-23T01:04:21Z
https://www.tiresandwheels.com/catalog/tires/Pirelli/SC6453/PZero-Nero-MPlusS/,done,2026-06-23T01:04:21Z
https://www.tiresandwheels.com/catalog/tires/BFGoodrich/SC5094/Commercial-T/A-AS2/,done,2026-06-23T01:04:21Z
https://www.tiresandwheels.com/catalog/tires/Mickey-Thompson-Tires/SC15706/Baja-Legend-MTZ/,done,2026-06-23T01:04:21Z
https://www.tiresandwheels.com/catalog/tires/Cooper/SC5260/Zeon-LTZ/,done,2026-06-23T01:04:21Z
https://www.tiresandwheels.com/catalog/tires/Goodyear/SC15518/Assurance-Finesse/,done,2026-06-23T01:04:21Z
https://www.tiresandwheels.com/catalog/tires/Firestone/SC14155/Destination-A/T-2/,done,2026-06-23T01:04:21Z
https://www.tiresandwheels.com/catalog/tires/Michelin/SC6332/Latitude-Tour/,done,2026-06-23T01:04:21Z
https://www.tiresandwheels.com/catalog/tires/Bridgestone/SC4936/Blizzak-WS80/,done,2026-06-23T01:04:21Z
https://www.tiresandwheels.com/catalog/tires/Continental/SC5167/ContiSportContact-5P-SSR/,done,2026-06-23T01:04:21Z
https://www.tiresandwheels.com/catalog/tires/Hercules/SC14274/Terra-Trac-AT-X-Venture/,done,2026-06-23T01:04:21Z
https://www.tiresandwheels.com/catalog/tires/Mastercraft/SC15671/Stratus-A/P/,done,2026-06-23T01:04:21Z
https://www.tiresandwheels.com/catalog/tires/Yokohama/SC9074/Iceguard-IG51V/,done,2026-06-23T01:04:21Z
https://www.tiresandwheels.com/catalog/tires/Hankook/SC17728/Ventus-S1-evo-Z-AS-X-H129A/,done,2026-06-23T01:04:21Z
https://www.tiresandwheels.com/catalog/tires/Nitto/SC5064/Motivo/,done,2026-06-23T01:04:21Z
https://www.tiresandwheels.com/catalog/tires/General/SC9722/G-Max-RS/,done,2026-06-23T01:04:21Z
https://www.tiresandwheels.com/catalog/tires/Kumho/SC5620/Road-Venture-MT51/,done,2026-06-23T01:04:21Z
https://www.tiresandwheels.com/catalog/tires/Pirelli/SC6454/PZero-Race-Trofeo/,done,2026-06-23T01:04:21Z
https://www.tiresandwheels.com/catalog/tires/BFGoodrich/SC5095/Commercial-T/A-Traction/,done,2026-06-23T01:04:21Z
https://www.tiresandwheels.com/catalog/tires/Mickey-Thompson-Tires/SC15707/ET-Front/,done,2026-06-23T01:04:21Z
https://www.tiresandwheels.com/catalog/tires/Cooper/SC5261/Zeon-RS3-A/,done,2026-06-23T01:04:21Z
https://www.tiresandwheels.com/catalog/tires/Goodyear/SC15519/Assurance-Max-Life/,done,2026-06-23T01:04:21Z
https://www.tiresandwheels.com/catalog/tires/Firestone/SC14865/Destination-LE-3/,done,2026-06-23T01:04:21Z
https://www.tiresandwheels.com/catalog/tires/Michelin/SC6333/Latitude-X-Ice-Xi2/,done,2026-06-23T01:04:21Z
https://www.tiresandwheels.com/catalog/tires/Bridgestone/SC4937/Driveguard-3G-RFT/,done,2026-06-23T01:04:21Z
https://www.tiresandwheels.com/catalog/tires/Continental/SC5168/ContiSportContact-5P/,done,2026-06-23T01:04:21Z
https://www.tiresandwheels.com/catalog/tires/Hercules/SC14275/Terra-Trac-Cross-V/,done,2026-06-23T01:04:21Z
https://www.tiresandwheels.com/catalog/tires/Mastercraft/SC15672/Stratus-A/S/,done,2026-06-23T01:04:21Z
https://www.tiresandwheels.com/catalog/tires/Yokohama/SC9075/Iceguard-IG53/,done,2026-06-23T01:04:21Z
https://www.tiresandwheels.com/catalog/tires/Hankook/SC17729/iON-evo-AS-SUV-IH01A/,done,2026-06-23T01:04:21Z
https://www.tiresandwheels.com/catalog/tires/Nitto/SC9120/NT420V/,done,2026-06-23T01:04:21Z
https://www.tiresandwheels.com/catalog/tires/General/SC9723/Grabber-A/TX-FR/,error,2026-06-23T01:04:21Z
https://www.tiresandwheels.com/catalog/tires/Kumho/SC5621/Sense-KR26/,done,2026-06-23T01:04:21Z
https://www.tiresandwheels.com/catalog/tires/Pirelli/SC6455/PZero-Rosso-Asimmetrico/,done,2026-06-23T01:04:21Z
https://www.tiresandwheels.com/catalog/tires/BFGoodrich/SC5097/Long-Trail-T/A-Tour/,done,2026-06-23T01:04:21Z
https://www.tiresandwheels.com/catalog/tires/Mickey-Thompson-Tires/SC15708/ET-Street-Front/,done,2026-06-23T01:04:21Z
https://www.tiresandwheels.com/catalog/tires/Cooper/SC5262/Zeon-RS3-G1/,done,2026-06-23T01:04:21Z
https://www.tiresandwheels.com/catalog/tires/Goodyear/SC15520/Assurance-Weather-Ready/,done,2026-06-23T01:04:21Z
https://www.tiresandwheels.com/catalog/tires/Firestone/SC14866/Destination-XT/,done,2026-06-23T01:04:21Z
https://www.tiresandwheels.com/catalog/tires/Michelin/SC6334/LTX-M/S/,done,2026-06-23T01:04:21Z
https://www.tiresandwheels.com/catalog/tires/Bridgestone/SC4938/Driveguard/,done,2026-06-23T01:04:21Z
https://www.tiresandwheels.com/catalog/tires/Continental/SC5169/ContiSportContact-6/,done,2026-06-23T01:04:21Z
https://www.tiresandwheels.com/catalog/tires/Hercules/SC14276/Terra-Trac-HPT/,done,2026-06-23T01:04:21Z
https://www.tiresandwheels.com/catalog/tires/Mastercraft/SC15673/Stratus-H/T/,done,2026-06-23T01:04:21Z
https://www.tiresandwheels.com/catalog/tires/Yokohama/SC9076/Iceguard-IG52C/,done,2026-06-23T01:04:21Z
https://www.tiresandwheels.com/catalog/tires/Hankook/SC18700/iON-evo-IK01/,done,2026-06-23T01:04:21Z
https://www.tiresandwheels.com/catalog/tires/Nitto/SC11994/NT555RII/,done,2026-06-23T01:04:21Z
https://www.tiresandwheels.com/catalog/tires/General/SC14144/Altimax-365AW/,done,2026-06-23T01:04:21Z
https://www.tiresandwheels.com/catalog/tires/Kumho/SC5624/Solus-KH25/,done,2026-06-23T01:04:21Z
https://www.tiresandwheels.com/catalog/tires/Pirelli/SC6456/PZero-Rosso-Direzionale/,done,2026-06-23T01:04:21Z
https://www.tiresandwheels.com/catalog/tires/BFGoodrich/SC8019/Mud-Terrain-T/A-KM3/,done,2026-06-23T01:04:21Z
https://www.tiresandwheels.com/catalog/tires/Mickey-Thompson-Tires/SC15709/Sportsman-Front/,done,2026-06-23T01:04:21Z
https://www.tiresandwheels.com/catalog/tires/Cooper/SC5263/Zeon-RS3-S/,done,2026-06-23T01:04:21Z
https://www.tiresandwheels.com/catalog/tires/Goodyear/SC15521/Cargo-G26/,done,2026-06-23T01:04:21Z
https://www.tiresandwheels.com/catalog/tires/Firestone/SC14867/FR740/,done,2026-06-23T01:04:21Z
https://www.tiresandwheels.com/catalog/tires/Michelin/SC6335/LTX-M/S2/,done,2026-06-23T01:04:21Z
https://www.tiresandwheels.com/catalog/tires/Bridgestone/SC4941/Ecopia-EP20/,done,2026-06-23T01:04:21Z
https://www.tiresandwheels.com/catalog/tires/Continental/SC5170/ContiSportContact/,done,2026-06-23T01:04:21Z
https://www.tiresandwheels.com/catalog/tires/Hercules/SC17521/UT1/,done,2026-06-23T01:04:21Z
https://www.tiresandwheels.com/catalog/tires/Mastercraft/SC19701/Courser-Quest/,done,2026-06-23T01:04:21Z
https://www.tiresandwheels.com/catalog/tires/Yokohama/SC9078/Geolandar-H/T/,done,2026-06-23T01:04:21Z
https://www.tiresandwheels.com/catalog/tires/Hankook/SC18701/Ventus-S2-AS-H462/,done,2026-06-23T01:04:21Z
https://www.tiresandwheels.com/catalog/tires/Nitto/SC11995/Trail-Grappler-SxS/,done,2026-06-23T01:04:21Z
https://www.tiresandwheels.com/catalog/tires/General/SC14145/G-MAX-Justice-AW/,done,2026-06-23T01:04:21Z
https://www.tiresandwheels.com/catalog/tires/Kumho/SC5626/Solus-TA11/,done,2026-06-23T01:04:21Z
https://www.tiresandwheels.com/catalog/tires/Pirelli/SC6457/PZero-System-Asimmetrico/,done,2026-06-23T01:04:21Z
https://www.tiresandwheels.com/catalog/tires/BFGoodrich/SC11956/g-Force-COMP-2-A/S-Plus/,done,2026-06-23T01:04:21Z
https://www.tiresandwheels.com/catalog/tires/Mickey-Thompson-Tires/SC15710/Sportsman-Pro/,done,2026-06-23T01:04:21Z
https://www.tiresandwheels.com/catalog/tires/Cooper/SC7759/Discoverer-AT3-XLT/,done,2026-06-23T01:04:21Z
https://www.tiresandwheels.com/catalog/tires/Goodyear/SC15522/Cargo-Vector-2/,done,2026-06-23T01:04:21Z
https://www.tiresandwheels.com/catalog/tires/Firestone/SC14868/Transforce-CV/,done,2026-06-23T01:04:21Z
https://www.tiresandwheels.com/catalog/tires/Michelin/SC6336/LTX-Winter/,done,2026-06-23T01:04:21Z
https://www.tiresandwheels.com/catalog/tires/Bridgestone/SC4942/Ecopia-EP150/,done,2026-06-23T01:04:21Z
https://www.tiresandwheels.com/catalog/tires/Continental/SC5172/ContiTouringContact-CV95/,done,2026-06-23T01:04:21Z
https://www.tiresandwheels.com/catalog/tires/Hercules/SC17538/Roadtour-Connect-PCV/,done,2026-06-23T01:04:21Z
https://www.tiresandwheels.com/catalog/tires/Mastercraft/SC19702/Courser-Quest-Plus/,done,2026-06-23T01:04:21Z
https://www.tiresandwheels.com/catalog/tires/Yokohama/SC9079/Geolandar-HT-G039/,done,2026-06-23T01:04:21Z
https://www.tiresandwheels.com/catalog/tires/Hankook/SC18702/Winter-Ion-icept-IW01/,done,2026-06-23T01:04:21Z
https://www.tiresandwheels.com/catalog/tires/Nitto/SC14156/Recon-Grappler-A/T/,done,2026-06-23T01:04:21Z
https://www.tiresandwheels.com/catalog/tires/General/SC16626/Altimax-RT45/,done,2026-06-23T01:04:21Z
https://www.tiresandwheels.com/catalog/tires/Kumho/SC5628/Solus-TA31/,done,2026-06-23T01:04:21Z
https://www.tiresandwheels.com/catalog/tires/Pirelli/SC6458/PZero-System-Direzionale/,done,2026-06-23T01:04:21Z
https://www.tiresandwheels.com/catalog/tires/BFGoodrich/SC13166/Advantage-Control/,done,2026-06-23T01:04:21Z
https://www.tiresandwheels.com/catalog/tires/Mickey-Thompson-Tires/SC15711/Sportsman-S/R/,done,2026-06-23T01:04:21Z
https://www.tiresandwheels.com/catalog/tires/Cooper/SC8533/Discoverer-AT3-4S/,done,2026-06-23T01:04:21Z
https://www.tiresandwheels.com/catalog/tires/Goodyear/SC15523/Convenience-Spare-Nylon/,done,2026-06-23T01:04:21Z
https://www.tiresandwheels.com/catalog/tires/Firestone/SC14869/Transforce-HT/,done,2026-06-23T01:04:21Z
https://www.tiresandwheels.com/catalog/tires/Michelin/SC6339/Pilot-Alpin-PA3/,done,2026-06-23T01:04:21Z
https://www.tiresandwheels.com/catalog/tires/Bridgestone/SC4943/Ecopia-EP422-Plus/,done,2026-06-23T01:04:21Z
https://www.tiresandwheels.com/catalog/tires/Continental/SC5175/ContiTrac-TR/,done,2026-06-23T01:04:21Z
https://www.tiresandwheels.com/catalog/tires/Hercules/SC18704/Raptis-R-T6/,done,2026-06-23T01:04:21Z
https://www.tiresandwheels.com/catalog/tires/Yokohama/SC9080/Geolandar-G91AV/,done,2026-06-23T01:04:21Z
https://www.tiresandwheels.com/catalog/tires/Hankook/SC18703/Winter-ipike-RW11-Studded/,done,2026-06-23T01:04:21Z
https://www.tiresandwheels.com/catalog/tires/Nitto/SC15296/Nomad-Grappler/,done,2026-06-23T01:04:21Z
https://www.tiresandwheels.com/catalog/tires/General/SC17531/Grabber-STX2/,done,2026-06-23T01:04:21Z
https://www.tiresandwheels.com/catalog/tires/Kumho/SC5629/Solus-TA71/,done,2026-06-23T01:04:21Z
https://www.tiresandwheels.com/catalog/tires/Pirelli/SC6459/Scorpion-ATR/,done,2026-06-23T01:04:21Z
https://www.tiresandwheels.com/catalog/tires/BFGoodrich/SC14137/Trail-Terrain-T/A/,done,2026-06-23T01:04:21Z
https://www.tiresandwheels.com/catalog/tires/Mickey-Thompson-Tires/SC15712/Sportsman-ST/,done,2026-06-23T01:04:21Z
https://www.tiresandwheels.com/catalog/tires/Cooper/SC8802/Discoverer-True-North/,done,2026-06-23T01:04:21Z
https://www.tiresandwheels.com/catalog/tires/Goodyear/SC15524/Convenience-Spare-Radial/,done,2026-06-23T01:04:21Z
https://www.tiresandwheels.com/catalog/tires/Firestone/SC14870/Transforce-HT2/,done,2026-06-23T01:04:21Z
https://www.tiresandwheels.com/catalog/tires/Michelin/SC6340/Pilot-Alpin-PA4/,done,2026-06-23T01:04:21Z
https://www.tiresandwheels.com/catalog/tires/Bridgestone/SC4944/Ecopia-EP422/,done,2026-06-23T01:04:21Z
https://www.tiresandwheels.com/catalog/tires/Continental/SC5176/ContiTrac/,done,2026-06-23T01:04:21Z
https://www.tiresandwheels.com/catalog/tires/Hercules/SC18705/Raptis-R-T6X/,done,2026-06-23T01:04:21Z
https://www.tiresandwheels.com/catalog/tires/Yokohama/SC9087/W-Drive-ZPS/,done,2026-06-23T01:04:21Z
https://www.tiresandwheels.com/catalog/tires/Hankook/SC19709/DynaPro-HPX-RA43/,done,2026-06-23T01:04:21Z
https://www.tiresandwheels.com/catalog/tires/Nitto/SC19725/Motivo-365/,done,2026-06-23T01:04:21Z
https://www.tiresandwheels.com/catalog/tires/General/SC18684/Exclaim-HPX-A/S/,done,2026-06-23T01:04:21Z
https://www.tiresandwheels.com/catalog/tires/Kumho/SC5631/Temporary-Spare/,done,2026-06-23T01:04:21Z
https://www.tiresandwheels.com/catalog/tires/Pirelli/SC6460/Scorpion-Ice-&amp;-Snow/,done,2026-06-23T01:04:21Z
https://www.tiresandwheels.com/catalog/tires/BFGoodrich/SC17732/HD-Terrain-T/A-KT/,done,2026-06-23T01:04:21Z
https://www.tiresandwheels.com/catalog/tires/Mickey-Thompson-Tires/SC20129/Baja-Boss-XS/,done,2026-06-23T01:04:21Z
https://www.tiresandwheels.com/catalog/tires/Cooper/SC8803/Evolution-Tour/,done,2026-06-23T01:04:21Z
https://www.tiresandwheels.com/catalog/tires/Goodyear/SC15525/Eagle-Enforcer/,done,2026-06-23T01:04:21Z
https://www.tiresandwheels.com/catalog/tires/Firestone/SC14871/Weather-Grip/,done,2026-06-23T01:04:21Z
https://www.tiresandwheels.com/catalog/tires/Michelin/SC6341/Pilot-Exalto-PE2/,done,2026-06-23T01:04:21Z
https://www.tiresandwheels.com/catalog/tires/Bridgestone/SC4945/Ecopia-EP500/,done,2026-06-23T01:04:21Z
https://www.tiresandwheels.com/catalog/tires/Continental/SC5177/ContiWinterContact-TS-830/,done,2026-06-23T01:04:21Z
https://www.tiresandwheels.com/catalog/tires/Hercules/SC20147/Terra-Trac-Cross-V-AW/,done,2026-06-23T01:04:21Z
https://www.tiresandwheels.com/catalog/tires/Yokohama/SC9088/w-drive-wy01/,done,2026-06-23T01:04:21Z
https://www.tiresandwheels.com/catalog/tires/Hankook/SC19710/Kinergy-XP-H446/,done,2026-06-23T01:04:21Z
https://www.tiresandwheels.com/catalog/tires/Nitto/SC19746/Terra-Grappler-G3/,done,2026-06-23T01:04:21Z
https://www.tiresandwheels.com/catalog/tires/General/SC18685/G-Max-AS-07/,done,2026-06-23T01:04:21Z
https://www.tiresandwheels.com/catalog/tires/Kumho/SC8776/Crugen-HP71/,done,2026-06-23T01:04:21Z
https://www.tiresandwheels.com/catalog/tires/Pirelli/SC6462/Scorpion-Mud/,done,2026-06-23T01:04:21Z
https://www.tiresandwheels.com/catalog/tires/BFGoodrich/SC17733/Elite-Force-T/A/,done,2026-06-23T01:04:21Z
https://www.tiresandwheels.com/catalog/tires/Cooper/SC9711/Discoverer-A/T3-LT/,done,2026-06-23T01:04:21Z
https://www.tiresandwheels.com/catalog/tires/Goodyear/SC15526/Eagle-Enforcer-Winter/,done,2026-06-23T01:04:21Z
https://www.tiresandwheels.com/catalog/tires/Firestone/SC14872/Winterforce-CV/,done,2026-06-23T01:04:21Z
https://www.tiresandwheels.com/catalog/tires/Michelin/SC6342/Pilot-MXM4/,done,2026-06-23T01:04:21Z
https://www.tiresandwheels.com/catalog/tires/Bridgestone/SC4946/Ecopia-H/L-422-Plus-RFT/,done,2026-06-23T01:04:21Z
https://www.tiresandwheels.com/catalog/tires/Continental/SC5178/ContiWinterContact-TS760/,done,2026-06-23T01:04:21Z
https://www.tiresandwheels.com/catalog/tires/Yokohama/SC9092/Parada-Spec-X/,done,2026-06-23T01:04:21Z
https://www.tiresandwheels.com/catalog/tires/Hankook/SC20155/Ventus-Prime4-K135/,done,2026-06-23T01:04:21Z
https://www.tiresandwheels.com/catalog/tires/General/SC18686/Grabber-A/T-Sport/,done,2026-06-23T01:04:21Z
https://www.tiresandwheels.com/catalog/tires/Kumho/SC9740/Ecsta-PA51/,done,2026-06-23T01:04:21Z
https://www.tiresandwheels.com/catalog/tires/Pirelli/SC6463/Scorpion-STR/,done,2026-06-23T01:04:21Z
https://www.tiresandwheels.com/catalog/tires/BFGoodrich/SC18679/All-Terrain-T/A-KO3/,done,2026-06-23T01:04:21Z
https://www.tiresandwheels.com/catalog/tires/Cooper/SC9712/Discoverer-SRX-LE/,done,2026-06-23T01:04:21Z
https://www.tiresandwheels.com/catalog/tires/Goodyear/SC15527/Eagle-Exhilirate/,done,2026-06-23T01:04:21Z
https://www.tiresandwheels.com/catalog/tires/Firestone/SC14873/Winterforce-LT/,done,2026-06-23T01:04:21Z
https://www.tiresandwheels.com/catalog/tires/Michelin/SC6344/Pilot-Sport-4-S/,done,2026-06-23T01:04:21Z
https://www.tiresandwheels.com/catalog/tires/Bridgestone/SC4947/Ecopia-H/L-422-Plus/,done,2026-06-23T01:04:21Z
https://www.tiresandwheels.com/catalog/tires/Continental/SC5179/ContiWinterContact-TS790/,done,2026-06-23T01:04:21Z
https://www.tiresandwheels.com/catalog/tires/Yokohama/SC9094/BLUEARTH-A-AE50/,done,2026-06-23T01:04:21Z
https://www.tiresandwheels.com/catalog/tires/Hankook/SC20158/Winter-icept-iZ3-W636/,done,2026-06-23T01:04:21Z
https://www.tiresandwheels.com/catalog/tires/General/SC18687/Grabber-A/T-Sport-W/,done,2026-06-23T01:04:21Z
https://www.tiresandwheels.com/catalog/tires/Kumho/SC9741/Majesty-Solus-KU50/,done,2026-06-23T01:04:21Z
https://www.tiresandwheels.com/catalog/tires/Pirelli/SC6464/Scorpion-Verde-All-Season-Plus/,done,2026-06-23T01:04:21Z
https://www.tiresandwheels.com/catalog/tires/BFGoodrich/SC20135/g-Force-Phenom-TA/,done,2026-06-23T01:04:21Z
https://www.tiresandwheels.com/catalog/tires/Cooper/SC9713/Evolution-Winter/,done,2026-06-23T01:04:21Z
https://www.tiresandwheels.com/catalog/tires/Goodyear/SC15528/Eagle-F1-Asymmetric/,done,2026-06-23T01:04:21Z
https://www.tiresandwheels.com/catalog/tires/Firestone/SC15236/Firehawk-Pursuit-AWT/,done,2026-06-23T01:04:21Z
https://www.tiresandwheels.com/catalog/tires/Michelin/SC6345/Pilot-Sport-4/,done,2026-06-23T01:04:21Z
https://www.tiresandwheels.com/catalog/tires/Bridgestone/SC4953/Potenza-RE040/,done,2026-06-23T01:04:21Z
https://www.tiresandwheels.com/catalog/tires/Continental/SC5180/ContiWinterContact-TS800/,done,2026-06-23T01:04:21Z
https://www.tiresandwheels.com/catalog/tires/Yokohama/SC9095/Bluearth-Winter-v905/,done,2026-06-23T01:04:21Z
https://www.tiresandwheels.com/catalog/tires/General/SC20136/Grabber-HT/,done,2026-06-23T01:04:21Z
https://www.tiresandwheels.com/catalog/tires/Kumho/SC11976/Solus-TA91/,done,2026-06-23T01:04:21Z
https://www.tiresandwheels.com/catalog/tires/Pirelli/SC6465/Scorpion-Verde-All-Season/,done,2026-06-23T01:04:21Z
https://www.tiresandwheels.com/catalog/tires/Cooper/SC9714/Evolution-M/T/,done,2026-06-23T01:04:21Z
https://www.tiresandwheels.com/catalog/tires/Goodyear/SC15529/Eagle-F1-Asymmetric-2/,done,2026-06-23T01:04:21Z
https://www.tiresandwheels.com/catalog/tires/Firestone/SC15497/Firehawk-Pursuit/,done,2026-06-23T01:04:21Z
https://www.tiresandwheels.com/catalog/tires/Michelin/SC6346/Pilot-Sport-AS-Plus/,done,2026-06-23T01:04:21Z
https://www.tiresandwheels.com/catalog/tires/Bridgestone/SC4954/Potenza-RE050-RFT/,done,2026-06-23T01:04:21Z
https://www.tiresandwheels.com/catalog/tires/Continental/SC5182/ContiWinterContact-TS810-S/,done,2026-06-23T01:04:21Z
https://www.tiresandwheels.com/catalog/tires/Yokohama/SC9096/Avid-Envigor/,done,2026-06-23T01:04:21Z
https://www.tiresandwheels.com/catalog/tires/Kumho/SC11977/Solus-TA31Plus/,done,2026-06-23T01:04:21Z
https://www.tiresandwheels.com/catalog/tires/Pirelli/SC6466/Scorpion-Verde/,done,2026-06-23T01:04:21Z
https://www.tiresandwheels.com/catalog/tires/Cooper/SC11962/Discoverer-Enduramax/,done,2026-06-23T01:04:21Z
https://www.tiresandwheels.com/catalog/tires/Goodyear/SC15530/Eagle-F1-Asymmetric-2-ROF/,done,2026-06-23T01:04:21Z
https://www.tiresandwheels.com/catalog/tires/Firestone/SC19705/Firehawk-AS-V2/,done,2026-06-23T01:04:21Z
https://www.tiresandwheels.com/catalog/tires/Michelin/SC6348/Pilot-Sport-Cup-2/,done,2026-06-23T01:04:21Z
https://www.tiresandwheels.com/catalog/tires/Bridgestone/SC4955/Potenza-RE050/,done,2026-06-23T01:04:21Z
https://www.tiresandwheels.com/catalog/tires/Continental/SC5183/ContiWinterContact-TS810/,done,2026-06-23T01:04:21Z
https://www.tiresandwheels.com/catalog/tires/Yokohama/SC9097/Avid-Envigor-ZPS/,done,2026-06-23T01:04:21Z
https://www.tiresandwheels.com/catalog/tires/Kumho/SC11978/Road-Venture-MT71/,done,2026-06-23T01:04:21Z
https://www.tiresandwheels.com/catalog/tires/Pirelli/SC6467/Scorpion-Winter/,done,2026-06-23T01:04:21Z
https://www.tiresandwheels.com/catalog/tires/Cooper/SC11963/Discoverer-Snow-Claw/,done,2026-06-23T01:04:21Z
https://www.tiresandwheels.com/catalog/tires/Goodyear/SC15531/Eagle-F1-Asymmetric-3/,done,2026-06-23T01:04:21Z
https://www.tiresandwheels.com/catalog/tires/Michelin/SC6350/Pilot-Sport-PS2/,done,2026-06-23T01:04:21Z
https://www.tiresandwheels.com/catalog/tires/Bridgestone/SC4960/Potenza-RE050A-II-RFT/,done,2026-06-23T01:04:21Z
https://www.tiresandwheels.com/catalog/tires/Continental/SC5184/ContiWinterContact-TS830P-SSR/,done,2026-06-23T01:04:21Z
https://www.tiresandwheels.com/catalog/tires/Yokohama/SC9102/Avid-Touring-S/,done,2026-06-23T01:04:21Z
https://www.tiresandwheels.com/catalog/tires/Kumho/SC11979/Ecsta-V730/,done,2026-06-23T01:04:21Z
https://www.tiresandwheels.com/catalog/tires/Pirelli/SC6468/Scorpion-Zero-All-Season-Plus/,done,2026-06-23T01:04:21Z
https://www.tiresandwheels.com/catalog/tires/Cooper/SC14034/Discoverer-Rugged-Trek/,done,2026-06-23T01:04:21Z
https://www.tiresandwheels.com/catalog/tires/Goodyear/SC15532/Eagle-F1-Asymmetric-3-ROF/,done,2026-06-23T01:04:21Z
https://www.tiresandwheels.com/catalog/tires/Michelin/SC6351/Pilot-Sport-PS3/,done,2026-06-23T01:04:21Z
https://www.tiresandwheels.com/catalog/tires/Bridgestone/SC4961/Potenza-RE050A-MOExtended/,done,2026-06-23T01:04:21Z
https://www.tiresandwheels.com/catalog/tires/Continental/SC5185/ContiWinterContact-TS830P/,done,2026-06-23T01:04:21Z
https://www.tiresandwheels.com/catalog/tires/Yokohama/SC9105/Advan-Sport-ZPS/,done,2026-06-23T01:04:21Z
https://www.tiresandwheels.com/catalog/tires/Kumho/SC11980/Crugen-Premium-KL33/,done,2026-06-23T01:04:21Z
https://www.tiresandwheels.com/catalog/tires/Pirelli/SC6469/Scorpion-Zero-All-Season/,done,2026-06-23T01:04:21Z
https://www.tiresandwheels.com/catalog/tires/Cooper/SC14140/Endeavor/,done,2026-06-23T01:04:21Z
https://www.tiresandwheels.com/catalog/tires/Goodyear/SC15533/Eagle-F1-Asymmetric-3-SoundComfort/,done,2026-06-23T01:04:21Z
https://www.tiresandwheels.com/catalog/tires/Michelin/SC6353/Pilot-Super-Sport/,done,2026-06-23T01:04:21Z
https://www.tiresandwheels.com/catalog/tires/Bridgestone/SC4965/Potenza-RE050A-RFT-Scuderia/,done,2026-06-23T01:04:21Z
https://www.tiresandwheels.com/catalog/tires/Continental/SC5186/ContiWinterContact-TS850P/,done,2026-06-23T01:04:21Z
https://www.tiresandwheels.com/catalog/tires/Yokohama/SC9106/Advan-Sport-V105/,done,2026-06-23T01:04:21Z
https://www.tiresandwheels.com/catalog/tires/Kumho/SC15664/Road-Venture-AT52/,done,2026-06-23T01:04:21Z
https://www.tiresandwheels.com/catalog/tires/Pirelli/SC6470/Scorpion-Zero-Asimmetrico/,done,2026-06-23T01:04:21Z
https://www.tiresandwheels.com/catalog/tires/Cooper/SC14141/Endeavor-Plus/,done,2026-06-23T01:04:21Z
https://www.tiresandwheels.com/catalog/tires/Goodyear/SC15534/Eagle-F1-Asymmetric-5/,done,2026-06-23T01:04:21Z
https://www.tiresandwheels.com/catalog/tires/Michelin/SC6354/Premier-A/S/,done,2026-06-23T01:04:21Z
https://www.tiresandwheels.com/catalog/tires/Bridgestone/SC4966/Potenza-RE050A-RFT/,done,2026-06-23T01:04:21Z
https://www.tiresandwheels.com/catalog/tires/Continental/SC5187/ContiWinterContact-TS860S/,done,2026-06-23T01:04:21Z
https://www.tiresandwheels.com/catalog/tires/Yokohama/SC9107/Advan-Sport-v103/,done,2026-06-23T01:04:21Z
https://www.tiresandwheels.com/catalog/tires/Kumho/SC17543/Solus-TA51a/,done,2026-06-23T01:04:21Z
https://www.tiresandwheels.com/catalog/tires/Pirelli/SC6471/Scorpion-Zero/,done,2026-06-23T01:04:21Z
https://www.tiresandwheels.com/catalog/tires/Cooper/SC17529/Discoverer-AT3-LT/,done,2026-06-23T01:04:21Z
https://www.tiresandwheels.com/catalog/tires/Goodyear/SC15535/Eagle-F1-Asymmetric-A/S/,done,2026-06-23T01:04:21Z
https://www.tiresandwheels.com/catalog/tires/Michelin/SC6355/Primacy-3/,done,2026-06-23T01:04:21Z
https://www.tiresandwheels.com/catalog/tires/Bridgestone/SC4967/Potenza-RE050A/,done,2026-06-23T01:04:21Z
https://www.tiresandwheels.com/catalog/tires/Continental/SC5188/ExtremeContact-DW/,done,2026-06-23T01:04:21Z
https://www.tiresandwheels.com/catalog/tires/Yokohama/SC9108/Advan-Sport-A/S-Plus/,done,2026-06-23T01:04:21Z
https://www.tiresandwheels.com/catalog/tires/Kumho/SC17724/SuperMile-TX31/,done,2026-06-23T01:04:21Z
https://www.tiresandwheels.com/catalog/tires/Pirelli/SC6473/W210-SnowControl-Series-3/,done,2026-06-23T01:04:21Z
https://www.tiresandwheels.com/catalog/tires/Cooper/SC17730/ProControl/,done,2026-06-23T01:04:21Z
https://www.tiresandwheels.com/catalog/tires/Goodyear/SC15536/Eagle-F1-Asymmetric-A/S-ROF/,done,2026-06-23T01:04:21Z
https://www.tiresandwheels.com/catalog/tires/Michelin/SC6357/Primacy-HP/,done,2026-06-23T01:04:21Z
https://www.tiresandwheels.com/catalog/tires/Bridgestone/SC4968/Potenza-RE070-R2-RFT/,done,2026-06-23T01:04:21Z
https://www.tiresandwheels.com/catalog/tires/Continental/SC5190/ExtremeContact-DWS06/,done,2026-06-23T01:04:21Z
https://www.tiresandwheels.com/catalog/tires/Yokohama/SC9109/Advan-ST-v802/,done,2026-06-23T01:04:21Z
https://www.tiresandwheels.com/catalog/tires/Kumho/SC17725/Solus-HA31/,done,2026-06-23T01:04:21Z
https://www.tiresandwheels.com/catalog/tires/Pirelli/SC6474/W210-SnowControl-Series-II/,done,2026-06-23T01:04:21Z
https://www.tiresandwheels.com/catalog/tires/Cooper/SC18680/Cobra-Instinct/,done,2026-06-23T01:04:21Z
https://www.tiresandwheels.com/catalog/tires/Goodyear/SC15537/Eagle-F1-Asymmetric-SUV-AT/,done,2026-06-23T01:04:21Z
https://www.tiresandwheels.com/catalog/tires/Michelin/SC6358/Primacy-MXM4/,done,2026-06-23T01:04:21Z
https://www.tiresandwheels.com/catalog/tires/Bridgestone/SC4969/Potenza-RE070-RFT/,done,2026-06-23T01:04:21Z
https://www.tiresandwheels.com/catalog/tires/Continental/SC5191/ExtremeContact-Sport/,done,2026-06-23T01:04:21Z
https://www.tiresandwheels.com/catalog/tires/Yokohama/SC9111/Advan-Neova-AD08/,done,2026-06-23T01:04:21Z
https://www.tiresandwheels.com/catalog/tires/Kumho/SC19726/Solus-HA32/,done,2026-06-23T01:04:21Z
https://www.tiresandwheels.com/catalog/tires/Pirelli/SC6475/W210-Sottozero-Series-II/,done,2026-06-23T01:04:21Z
https://www.tiresandwheels.com/catalog/tires/Cooper/SC18681/Discoverer-Road-Trail-AT/,done,2026-06-23T01:04:21Z
https://www.tiresandwheels.com/catalog/tires/Goodyear/SC15538/Eagle-F1-GS-EMT/,done,2026-06-23T01:04:21Z
https://www.tiresandwheels.com/catalog/tires/Michelin/SC6359/Primacy-MXV4/,done,2026-06-23T01:04:21Z
https://www.tiresandwheels.com/catalog/tires/Bridgestone/SC4970/Potenza-RE070/,done,2026-06-23T01:04:21Z
https://www.tiresandwheels.com/catalog/tires/Continental/SC5195/ProContact-GX-SSR/,done,2026-06-23T01:04:21Z
https://www.tiresandwheels.com/catalog/tires/Yokohama/SC9112/Advan-Fleva-v701/,done,2026-06-23T01:04:21Z
https://www.tiresandwheels.com/catalog/tires/Kumho/SC19727/Wintercraft-WP72/,done,2026-06-23T01:04:21Z
https://www.tiresandwheels.com/catalog/tires/Pirelli/SC6476/W210-Sottozero/,done,2026-06-23T01:04:21Z
https://www.tiresandwheels.com/catalog/tires/Cooper/SC19703/Discoverer-CrossRange/,done,2026-06-23T01:04:21Z
https://www.tiresandwheels.com/catalog/tires/Goodyear/SC15539/Eagle-F1-GS2-EMT/,done,2026-06-23T01:04:21Z
https://www.tiresandwheels.com/catalog/tires/Michelin/SC6360/Primacy-XC/,done,2026-06-23T01:04:21Z
https://www.tiresandwheels.com/catalog/tires/Bridgestone/SC4971/Potenza-RE71-RFT/,done,2026-06-23T01:04:21Z
https://www.tiresandwheels.com/catalog/tires/Continental/SC5196/ProContact-GX/,done,2026-06-23T01:04:21Z
https://www.tiresandwheels.com/catalog/tires/Yokohama/SC9113/Advan-A052/,done,2026-06-23T01:04:21Z
https://www.tiresandwheels.com/catalog/tires/Pirelli/SC6477/W240-Sottozero-Series-II/,done,2026-06-23T01:04:21Z
https://www.tiresandwheels.com/catalog/tires/Cooper/SC19704/Discoverer-Stronghold-AT/,done,2026-06-23T01:04:21Z
https://www.tiresandwheels.com/catalog/tires/Goodyear/SC15540/Eagle-F1-Super-Sport/,done,2026-06-23T01:04:21Z
https://www.tiresandwheels.com/catalog/tires/Michelin/SC6363/X-Ice-Xi3/,done,2026-06-23T01:04:21Z
https://www.tiresandwheels.com/catalog/tires/Bridgestone/SC4973/Potenza-RE92/,done,2026-06-23T01:04:21Z
https://www.tiresandwheels.com/catalog/tires/Continental/SC5197/ProContact-RX/,done,2026-06-23T01:04:21Z
https://www.tiresandwheels.com/catalog/tires/Yokohama/SC9114/Advan-A048/,done,2026-06-23T01:04:21Z
https://www.tiresandwheels.com/catalog/tires/Pirelli/SC6478/W240-Sottozero/,done,2026-06-23T01:04:21Z
https://www.tiresandwheels.com/catalog/tires/Cooper/SC20180/Zeon-Crossrange/,done,2026-06-23T01:04:21Z
https://www.tiresandwheels.com/catalog/tires/Goodyear/SC15541/Eagle-F1-Supercar-3/,done,2026-06-23T01:04:21Z
https://www.tiresandwheels.com/catalog/tires/Michelin/SC6364/XPS-Rib/,done,2026-06-23T01:04:21Z
https://www.tiresandwheels.com/catalog/tires/Bridgestone/SC4975/Potenza-RE92A/,done,2026-06-23T01:04:21Z
https://www.tiresandwheels.com/catalog/tires/Continental/SC5198/ProContact-TX-SSR/,done,2026-06-23T01:04:21Z
https://www.tiresandwheels.com/catalog/tires/Yokohama/SC12311/Temporary-Spare/,done,2026-06-23T01:04:21Z
https://www.tiresandwheels.com/catalog/tires/Pirelli/SC6479/W270-SottoZero-Series-II/,done,2026-06-23T01:04:21Z
https://www.tiresandwheels.com/catalog/tires/Goodyear/SC15542/Eagle-F1-Supercar-3R/,done,2026-06-23T01:04:21Z
https://www.tiresandwheels.com/catalog/tires/Michelin/SC8769/Agilis-Cross-Climate/,done,2026-06-23T01:04:21Z
https://www.tiresandwheels.com/catalog/tires/Bridgestone/SC4976/Potenza-RE97AS-RFT/,done,2026-06-23T01:04:21Z
https://www.tiresandwheels.com/catalog/tires/Continental/SC5199/ProContact-TX/,done,2026-06-23T01:04:21Z
https://www.tiresandwheels.com/catalog/tires/Yokohama/SC12314/Avid-S34F/,done,2026-06-23T01:04:21Z
https://www.tiresandwheels.com/catalog/tires/Pirelli/SC6480/Winter-Carving-Edge/,done,2026-06-23T01:04:21Z
https://www.tiresandwheels.com/catalog/tires/Goodyear/SC15543/Eagle-F1-Supercar-EMT/,done,2026-06-23T01:04:21Z
https://www.tiresandwheels.com/catalog/tires/Michelin/SC8770/Pilot-Alpin-PA5/,done,2026-06-23T01:04:21Z
https://www.tiresandwheels.com/catalog/tires/Bridgestone/SC4977/Potenza-RE97AS/,done,2026-06-23T01:04:21Z
https://www.tiresandwheels.com/catalog/tires/Continental/SC5200/PureContact/,done,2026-06-23T01:04:21Z
https://www.tiresandwheels.com/catalog/tires/Yokohama/SC12315/Avid-S35A/,done,2026-06-23T01:04:21Z
https://www.tiresandwheels.com/catalog/tires/Pirelli/SC6481/Winter-Cinturato/,done,2026-06-23T01:04:21Z
https://www.tiresandwheels.com/catalog/tires/Goodyear/SC15544/Eagle-F1-Supercar-G2-ROF/,done,2026-06-23T01:04:21Z
https://www.tiresandwheels.com/catalog/tires/Michelin/SC8771/Pilot-Sport-4-SUV/,done,2026-06-23T01:04:21Z
https://www.tiresandwheels.com/catalog/tires/Bridgestone/SC4978/Potenza-RE97AS-02/,done,2026-06-23T01:04:21Z
https://www.tiresandwheels.com/catalog/tires/Continental/SC5201/Spare-Tire/,done,2026-06-23T01:04:21Z
https://www.tiresandwheels.com/catalog/tires/Yokohama/SC12316/Avid-GT-S35/,done,2026-06-23T01:04:21Z
https://www.tiresandwheels.com/catalog/tires/Pirelli/SC6482/Winter-Ice-Zero-FR/,done,2026-06-23T01:04:21Z
https://www.tiresandwheels.com/catalog/tires/Goodyear/SC15545/Eagle-F1-Supercar/,done,2026-06-23T01:04:21Z
https://www.tiresandwheels.com/catalog/tires/Michelin/SC8772/Pilot-Sport-A/S-3/,done,2026-06-23T01:04:21Z
https://www.tiresandwheels.com/catalog/tires/Bridgestone/SC4983/Potenza-RE980AS/,done,2026-06-23T01:04:21Z
https://www.tiresandwheels.com/catalog/tires/Continental/SC5202/TerrainContact-A/T/,done,2026-06-23T01:04:21Z
https://www.tiresandwheels.com/catalog/tires/Yokohama/SC12317/Avid-S34M/,done,2026-06-23T01:04:21Z
https://www.tiresandwheels.com/catalog/tires/Pirelli/SC6483/Winter-SottoZero-Series-3/,done,2026-06-23T01:04:21Z
https://www.tiresandwheels.com/catalog/tires/Goodyear/SC15546/Eagle-GT2/,done,2026-06-23T01:04:21Z
https://www.tiresandwheels.com/catalog/tires/Michelin/SC8773/pilot-Sport-A/S-3-Plus/,done,2026-06-23T01:04:21Z
https://www.tiresandwheels.com/catalog/tires/Bridgestone/SC4984/Potenza-S001-I/,done,2026-06-23T01:04:21Z
https://www.tiresandwheels.com/catalog/tires/Continental/SC5203/TrueContact/,done,2026-06-23T01:04:21Z
https://www.tiresandwheels.com/catalog/tires/Yokohama/SC12318/Avid-S34D/,done,2026-06-23T01:04:21Z
https://www.tiresandwheels.com/catalog/tires/Pirelli/SC6485/WINTER-W210c3-RUNFLAT/,done,2026-06-23T01:04:21Z
https://www.tiresandwheels.com/catalog/tires/Goodyear/SC15547/Eagle-LS2/,done,2026-06-23T01:04:21Z
https://www.tiresandwheels.com/catalog/tires/Michelin/SC8774/Premier-LTX/,done,2026-06-23T01:04:21Z
https://www.tiresandwheels.com/catalog/tires/Bridgestone/SC4985/Potenza-S001-MOE/,done,2026-06-23T01:04:21Z
https://www.tiresandwheels.com/catalog/tires/Continental/SC5204/Vanco-2/,done,2026-06-23T01:04:21Z
https://www.tiresandwheels.com/catalog/tires/Yokohama/SC12319/Geolandar-G91HV/,done,2026-06-23T01:04:21Z
https://www.tiresandwheels.com/catalog/tires/Pirelli/SC8783/Scorpion-All-Terrain-Plus/,done,2026-06-23T01:04:21Z
https://www.tiresandwheels.com/catalog/tires/Goodyear/SC15548/Eagle-LS2-ROF/,done,2026-06-23T01:04:21Z
https://www.tiresandwheels.com/catalog/tires/Michelin/SC8775/Primacy-MXV4-Tour-A/S/,done,2026-06-23T01:04:21Z
https://www.tiresandwheels.com/catalog/tires/Bridgestone/SC4986/Potenza-S001-RFT/,done,2026-06-23T01:04:21Z
https://www.tiresandwheels.com/catalog/tires/Continental/SC5206/VancoFourSeason/,done,2026-06-23T01:04:21Z
https://www.tiresandwheels.com/catalog/tires/Yokohama/SC12320/Geolandar-G96B/,done,2026-06-23T01:04:21Z
https://www.tiresandwheels.com/catalog/tires/Pirelli/SC9748/Cinturato-P7-All-Season-Plus-2/,done,2026-06-23T01:04:21Z
https://www.tiresandwheels.com/catalog/tires/Goodyear/SC15549/Eagle-NCT-5-ROF/,done,2026-06-23T01:04:21Z
https://www.tiresandwheels.com/catalog/tires/Michelin/SC9742/Agilis-LTX/,done,2026-06-23T01:04:21Z
https://www.tiresandwheels.com/catalog/tires/Bridgestone/SC4987/Potenza-S001/,done,2026-06-23T01:04:21Z
https://www.tiresandwheels.com/catalog/tires/Continental/SC5207/VanContactWinter/,done,2026-06-23T01:04:21Z
https://www.tiresandwheels.com/catalog/tires/Yokohama/SC12321/Geolandar-G95A/,done,2026-06-23T01:04:21Z
https://www.tiresandwheels.com/catalog/tires/Pirelli/SC9749/Scorpion-Verde-All-Season-Plus-II/,done,2026-06-23T01:04:21Z
https://www.tiresandwheels.com/catalog/tires/Goodyear/SC15550/Eagle-NCT5-EMT/,done,2026-06-23T01:04:21Z
https://www.tiresandwheels.com/catalog/tires/Michelin/SC9743/Alpin-A5/,done,2026-06-23T01:04:21Z
https://www.tiresandwheels.com/catalog/tires/Bridgestone/SC4988/Potenza-S001L-RFT/,done,2026-06-23T01:04:21Z
https://www.tiresandwheels.com/catalog/tires/Continental/SC5208/VancoWinter-2/,done,2026-06-23T01:04:21Z
https://www.tiresandwheels.com/catalog/tires/Yokohama/SC12322/AVID-S33/,done,2026-06-23T01:04:21Z
https://www.tiresandwheels.com/catalog/tires/Pirelli/SC9750/W240-Snowsport/,done,2026-06-23T01:04:21Z
https://www.tiresandwheels.com/catalog/tires/Goodyear/SC15551/Eagle-RS-A/,done,2026-06-23T01:04:21Z
https://www.tiresandwheels.com/catalog/tires/Michelin/SC9744/Cross-Climate-Plus/,done,2026-06-23T01:04:21Z
https://www.tiresandwheels.com/catalog/tires/Bridgestone/SC4989/Potenza-S-02/,done,2026-06-23T01:04:21Z
https://www.tiresandwheels.com/catalog/tires/Continental/SC5209/WinterContact-SI/,done,2026-06-23T01:04:21Z
https://www.tiresandwheels.com/catalog/tires/Yokohama/SC12323/Avid-S30/,done,2026-06-23T01:04:21Z
https://www.tiresandwheels.com/catalog/tires/Pirelli/SC11996/PZero-Winter/,done,2026-06-23T01:04:21Z
https://www.tiresandwheels.com/catalog/tires/Goodyear/SC15552/Eagle-RS-APlus-Police/,done,2026-06-23T01:04:21Z
https://www.tiresandwheels.com/catalog/tires/Michelin/SC9745/Pilot-Sport-Cup-2-R/,done,2026-06-23T01:04:21Z
https://www.tiresandwheels.com/catalog/tires/Bridgestone/SC4990/Potenza-S-02A/,done,2026-06-23T01:04:21Z
https://www.tiresandwheels.com/catalog/tires/Continental/SC5222/ContiProContact-Sealant/,done,2026-06-23T01:04:21Z
https://www.tiresandwheels.com/catalog/tires/Yokohama/SC12325/Advan-Neova-AD07/,done,2026-06-23T01:04:21Z
https://www.tiresandwheels.com/catalog/tires/Pirelli/SC14152/Scorpion-All-Season-Plus-3/,done,2026-06-23T01:04:21Z
https://www.tiresandwheels.com/catalog/tires/Goodyear/SC15553/Eagle-RS-A2/,done,2026-06-23T01:04:21Z
https://www.tiresandwheels.com/catalog/tires/Michelin/SC9746/Primacy-A/S/,done,2026-06-23T01:04:21Z
https://www.tiresandwheels.com/catalog/tires/Bridgestone/SC4991/Potenza-S-04-Pole-Position/,done,2026-06-23T01:04:21Z
https://www.tiresandwheels.com/catalog/tires/Continental/SC5223/ContiProContact-SSR/,done,2026-06-23T01:04:21Z
https://www.tiresandwheels.com/catalog/tires/Yokohama/SC12326/Advan-A83A/,done,2026-06-23T01:04:21Z
https://www.tiresandwheels.com/catalog/tires/Pirelli/SC14537/Cinturato-P7-Blue/,done,2026-06-23T01:04:21Z
https://www.tiresandwheels.com/catalog/tires/Goodyear/SC15554/Eagle-Sport-AS/,done,2026-06-23T01:04:21Z
https://www.tiresandwheels.com/catalog/tires/Michelin/SC9747/Primacy-4-ST/,done,2026-06-23T01:04:21Z
https://www.tiresandwheels.com/catalog/tires/Bridgestone/SC4992/Potenza-S007-RFT/,done,2026-06-23T01:04:21Z
https://www.tiresandwheels.com/catalog/tires/Continental/SC5224/ContiProContact/,done,2026-06-23T01:04:21Z
https://www.tiresandwheels.com/catalog/tires/Yokohama/SC12327/ADVAN-A82A/,done,2026-06-23T01:04:21Z
https://www.tiresandwheels.com/catalog/tires/Pirelli/SC14538/P7-All-Season-Plus-3/,done,2026-06-23T01:04:21Z
https://www.tiresandwheels.com/catalog/tires/Goodyear/SC15555/Eagle-Sport-AS-ROF/,done,2026-06-23T01:04:21Z
https://www.tiresandwheels.com/catalog/tires/Michelin/SC11981/X-Ice-Snow/,done,2026-06-23T01:04:21Z
https://www.tiresandwheels.com/catalog/tires/Bridgestone/SC4993/Potenza-S007/,done,2026-06-23T01:04:21Z
https://www.tiresandwheels.com/catalog/tires/Continental/SC5226/ContiSportContact-2/,done,2026-06-23T01:04:21Z
https://www.tiresandwheels.com/catalog/tires/Yokohama/SC12328/Advan-A13C/,done,2026-06-23T01:04:21Z
https://www.tiresandwheels.com/catalog/tires/Pirelli/SC14539/P-Zero-(PZ4)-Luxury/,done,2026-06-23T01:04:21Z
https://www.tiresandwheels.com/catalog/tires/Goodyear/SC15556/Eagle-Touring/,done,2026-06-23T01:04:21Z
https://www.tiresandwheels.com/catalog/tires/Michelin/SC11982/X-Ice-Snow-SUV/,done,2026-06-23T01:04:21Z
https://www.tiresandwheels.com/catalog/tires/Bridgestone/SC4994/Temporary-Spare-&quot;Tracompa&quot;/,done,2026-06-23T01:04:21Z
https://www.tiresandwheels.com/catalog/tires/Continental/SC8794/PureContact-LS/,done,2026-06-23T01:04:21Z
https://www.tiresandwheels.com/catalog/tires/Yokohama/SC12329/Advan-A83B/,done,2026-06-23T01:04:21Z
https://www.tiresandwheels.com/catalog/tires/Pirelli/SC14540/P-Zero-(PZ4)-Sport/,done,2026-06-23T01:04:21Z
https://www.tiresandwheels.com/catalog/tires/Goodyear/SC15557/Eagle-Touring-SCT/,done,2026-06-23T01:04:21Z
https://www.tiresandwheels.com/catalog/tires/Michelin/SC11983/Primacy-LTX/,done,2026-06-23T01:04:21Z
https://www.tiresandwheels.com/catalog/tires/Bridgestone/SC4996/Turanza-EL42/,done,2026-06-23T01:04:21Z
https://www.tiresandwheels.com/catalog/tires/Continental/SC8796/TrueContact-Tour/,done,2026-06-23T01:04:21Z
https://www.tiresandwheels.com/catalog/tires/Yokohama/SC12330/Advan-A11A/,done,2026-06-23T01:04:21Z
https://www.tiresandwheels.com/catalog/tires/Pirelli/SC17527/Cinturato-Weatheractive/,done,2026-06-23T01:04:21Z
https://www.tiresandwheels.com/catalog/tires/Goodyear/SC15558/Eagle-Ultra-Grip-GW2/,done,2026-06-23T01:04:21Z
https://www.tiresandwheels.com/catalog/tires/Michelin/SC11984/Pilot-Sport-Cup-2-Connect/,done,2026-06-23T01:04:21Z
https://www.tiresandwheels.com/catalog/tires/Bridgestone/SC4997/Turanza-EL400-02-Ecopia/,done,2026-06-23T01:04:21Z
https://www.tiresandwheels.com/catalog/tires/Continental/SC8798/VikingContact-7/,done,2026-06-23T01:04:21Z
https://www.tiresandwheels.com/catalog/tires/Yokohama/SC12331/Advan-A10A/,done,2026-06-23T01:04:21Z
https://www.tiresandwheels.com/catalog/tires/Pirelli/SC17532/P4-Persist-AS-Plus/,done,2026-06-23T01:04:21Z
https://www.tiresandwheels.com/catalog/tires/Goodyear/SC15559/Eagle-Ultra-Grip-GW3/,done,2026-06-23T01:04:21Z
https://www.tiresandwheels.com/catalog/tires/Michelin/SC11985/Pilot-Sport-A/S-4/,done,2026-06-23T01:04:21Z
https://www.tiresandwheels.com/catalog/tires/Bridgestone/SC4998/Turanza-EL400-02-RFT/,done,2026-06-23T01:04:21Z
https://www.tiresandwheels.com/catalog/tires/Continental/SC9703/ContiPremiumContact-6/,done,2026-06-23T01:04:21Z
https://www.tiresandwheels.com/catalog/tires/Yokohama/SC13172/A008P/,done,2026-06-23T01:04:21Z
https://www.tiresandwheels.com/catalog/tires/Pirelli/SC17541/Scorpion-Weatheractive/,done,2026-06-23T01:04:21Z
https://www.tiresandwheels.com/catalog/tires/Goodyear/SC15560/Efficient-Grip-ROF/,done,2026-06-23T01:04:21Z
https://www.tiresandwheels.com/catalog/tires/Michelin/SC11986/CrossClimate2-CUV/,done,2026-06-23T01:04:21Z
https://www.tiresandwheels.com/catalog/tires/Bridgestone/SC4999/Turanza-EL400-02/,done,2026-06-23T01:04:21Z
https://www.tiresandwheels.com/catalog/tires/Continental/SC9704/Cross-Contact-LX25/,done,2026-06-23T01:04:21Z
https://www.tiresandwheels.com/catalog/tires/Yokohama/SC13173/Advan-Sport-V103B/,done,2026-06-23T01:04:21Z
https://www.tiresandwheels.com/catalog/tires/Pirelli/SC17720/Cinturato-Winter-2/,done,2026-06-23T01:04:21Z
https://www.tiresandwheels.com/catalog/tires/Goodyear/SC15569/Endurnace-ST/,done,2026-06-23T01:04:21Z
https://www.tiresandwheels.com/catalog/tires/Michelin/SC11987/CrossClimate2/,done,2026-06-23T01:04:21Z
https://www.tiresandwheels.com/catalog/tires/Bridgestone/SC5000/Turanza-EL400-RFT/,done,2026-06-23T01:04:21Z
https://www.tiresandwheels.com/catalog/tires/Continental/SC9705/Cross-Contact-RX/,done,2026-06-23T01:04:21Z
https://www.tiresandwheels.com/catalog/tires/Yokohama/SC13174/Advan-V105E/,done,2026-06-23T01:04:21Z
https://www.tiresandwheels.com/catalog/tires/Pirelli/SC17721/Scorpion-Winter-2/,done,2026-06-23T01:04:21Z
https://www.tiresandwheels.com/catalog/tires/Goodyear/SC15570/Excellence/,done,2026-06-23T01:04:21Z
https://www.tiresandwheels.com/catalog/tires/Michelin/SC13170/Latitude-Cross/,done,2026-06-23T01:04:21Z
https://www.tiresandwheels.com/catalog/tires/Bridgestone/SC5001/Turanza-EL450-RFT/,done,2026-06-23T01:04:21Z
https://www.tiresandwheels.com/catalog/tires/Continental/SC9707/Terrain-Contact-H/T/,done,2026-06-23T01:04:21Z
https://www.tiresandwheels.com/catalog/tires/Yokohama/SC13175/Avid-S33B/,done,2026-06-23T01:04:21Z
https://www.tiresandwheels.com/catalog/tires/Pirelli/SC17722/Pzero-All-Season-Plus-3/,done,2026-06-23T01:04:21Z
https://www.tiresandwheels.com/catalog/tires/Goodyear/SC15571/Excellence-ROF/,done,2026-06-23T01:04:21Z
https://www.tiresandwheels.com/catalog/tires/Michelin/SC14536/Pilot-Sport-EV/,done,2026-06-23T01:04:21Z
https://www.tiresandwheels.com/catalog/tires/Bridgestone/SC5002/Turanza-EL450/,done,2026-06-23T01:04:21Z
https://www.tiresandwheels.com/catalog/tires/Continental/SC9708/VanContract-A/S/,done,2026-06-23T01:04:21Z
https://www.tiresandwheels.com/catalog/tires/Yokohama/SC13176/Avid-S34/,done,2026-06-23T01:04:21Z
https://www.tiresandwheels.com/catalog/tires/Pirelli/SC18731/Scorpion-MS/,done,2026-06-23T01:04:21Z
https://www.tiresandwheels.com/catalog/tires/Goodyear/SC15572/Fortera-HL/,done,2026-06-23T01:04:21Z
https://www.tiresandwheels.com/catalog/tires/Michelin/SC14904/LTX-Trail/,done,2026-06-23T01:04:21Z
https://www.tiresandwheels.com/catalog/tires/Bridgestone/SC5003/Turanza-EL470/,done,2026-06-23T01:04:21Z
https://www.tiresandwheels.com/catalog/tires/Continental/SC11700/CST-17/,done,2026-06-23T01:04:21Z
https://www.tiresandwheels.com/catalog/tires/Yokohama/SC13177/Avid-S34B/,done,2026-06-23T01:04:21Z
https://www.tiresandwheels.com/catalog/tires/Pirelli/SC18732/Scorpion-Zero-All-Season-Plus-3/,done,2026-06-23T01:04:21Z
https://www.tiresandwheels.com/catalog/tires/Goodyear/SC15573/Fortera-SL/,done,2026-06-23T01:04:21Z
https://www.tiresandwheels.com/catalog/tires/Michelin/SC15674/Pilot-Alpin-3/,done,2026-06-23T01:04:21Z
https://www.tiresandwheels.com/catalog/tires/Bridgestone/SC5006/Turanza-ER33-RFT/,done,2026-06-23T01:04:21Z
https://www.tiresandwheels.com/catalog/tires/Continental/SC14138/ExtremeContact-DWS06-Plus/,done,2026-06-23T01:04:21Z
https://www.tiresandwheels.com/catalog/tires/Yokohama/SC13178/Avid-S34FV/,done,2026-06-23T01:04:21Z
https://www.tiresandwheels.com/catalog/tires/Pirelli/SC20139/P-Zero-E/,done,2026-06-23T01:04:21Z
https://www.tiresandwheels.com/catalog/tires/Goodyear/SC15596/Integrity/,done,2026-06-23T01:04:21Z
https://www.tiresandwheels.com/catalog/tires/Michelin/SC16627/Defender-2/,done,2026-06-23T01:04:21Z
https://www.tiresandwheels.com/catalog/tires/Bridgestone/SC5007/Turanza-ER33/,done,2026-06-23T01:04:21Z
https://www.tiresandwheels.com/catalog/tires/Continental/SC14532/CrossContact-ATR/,done,2026-06-23T01:04:21Z
https://www.tiresandwheels.com/catalog/tires/Yokohama/SC13179/Avid-S34RV/,done,2026-06-23T01:04:21Z
https://www.tiresandwheels.com/catalog/tires/Pirelli/SC20140/P-Zero-MS/,done,2026-06-23T01:04:21Z
https://www.tiresandwheels.com/catalog/tires/Goodyear/SC15610/Ultra-Grip-8-Performance/,done,2026-06-23T01:04:21Z
https://www.tiresandwheels.com/catalog/tires/Michelin/SC17528/Defender-LTX-M/S-2/,done,2026-06-23T01:04:21Z
https://www.tiresandwheels.com/catalog/tires/Bridgestone/SC5009/Turanza-ER300-RFT/,done,2026-06-23T01:04:21Z
https://www.tiresandwheels.com/catalog/tires/Continental/SC17530/ExtremeContact-Sport-2/,done,2026-06-23T01:04:21Z
https://www.tiresandwheels.com/catalog/tires/Yokohama/SC13180/BluEarth-S34TZ/,done,2026-06-23T01:04:21Z
https://www.tiresandwheels.com/catalog/tires/Pirelli/SC20144/PZero-R/,done,2026-06-23T01:04:21Z
https://www.tiresandwheels.com/catalog/tires/Goodyear/SC15611/Ultra-Grip-Ice-WRT/,done,2026-06-23T01:04:21Z
https://www.tiresandwheels.com/catalog/tires/Michelin/SC17533/Pilot-Sport-5/,done,2026-06-23T01:04:21Z
https://www.tiresandwheels.com/catalog/tires/Bridgestone/SC5010/Turanza-ER300-2-RFT/,done,2026-06-23T01:04:21Z
https://www.tiresandwheels.com/catalog/tires/Continental/SC17544/SportContact-7/,done,2026-06-23T01:04:21Z
https://www.tiresandwheels.com/catalog/tires/Yokohama/SC13181/G915F/,done,2026-06-23T01:04:21Z
https://www.tiresandwheels.com/catalog/tires/Goodyear/SC15613/UltraGrip-Winter/,done,2026-06-23T01:04:21Z
https://www.tiresandwheels.com/catalog/tires/Michelin/SC18710/Defender-LTX-Platinum/,done,2026-06-23T01:04:21Z
https://www.tiresandwheels.com/catalog/tires/Bridgestone/SC5011/Turanza-ER300A-RFT/,done,2026-06-23T01:04:21Z
https://www.tiresandwheels.com/catalog/tires/Continental/SC17731/EcoContact6/,done,2026-06-23T01:04:21Z
https://www.tiresandwheels.com/catalog/tires/Yokohama/SC13182/G99A/,done,2026-06-23T01:04:21Z
https://www.tiresandwheels.com/catalog/tires/Goodyear/SC15616/WinterCommand/,done,2026-06-23T01:04:21Z
https://www.tiresandwheels.com/catalog/tires/Michelin/SC18711/Pilot-Sport-S-5/,done,2026-06-23T01:04:21Z
https://www.tiresandwheels.com/catalog/tires/Bridgestone/SC5014/Turanza-T001-RFT/,done,2026-06-23T01:04:21Z
https://www.tiresandwheels.com/catalog/tires/Continental/SC20130/Contiwintercontact-TS870P/,done,2026-06-23T01:04:21Z
https://www.tiresandwheels.com/catalog/tires/Yokohama/SC13183/GEOMT-G003/,done,2026-06-23T01:04:21Z
https://www.tiresandwheels.com/catalog/tires/Goodyear/SC15617/WinterCommand-Ultra/,done,2026-06-23T01:04:21Z
https://www.tiresandwheels.com/catalog/tires/Michelin/SC20132/e-Primacy/,done,2026-06-23T01:04:21Z
https://www.tiresandwheels.com/catalog/tires/Bridgestone/SC5015/Turanza-T005-RFT/,done,2026-06-23T01:04:21Z
https://www.tiresandwheels.com/catalog/tires/Continental/SC20150/TrueContact-Tour-54/,done,2026-06-23T01:04:21Z
https://www.tiresandwheels.com/catalog/tires/Yokohama/SC13184/TY213A/,done,2026-06-23T01:04:21Z
https://www.tiresandwheels.com/catalog/tires/Goodyear/SC15619/Wrangler-HT/,done,2026-06-23T01:04:21Z
https://www.tiresandwheels.com/catalog/tires/Michelin/SC20143/Primacy-Tour-AS/,done,2026-06-23T01:04:21Z
https://www.tiresandwheels.com/catalog/tires/Bridgestone/SC5016/Turanza-T005/,done,2026-06-23T01:04:21Z
https://www.tiresandwheels.com/catalog/tires/Continental/SC20153/VanContact-AS-Ultra/,done,2026-06-23T01:04:21Z
https://www.tiresandwheels.com/catalog/tires/Yokohama/SC13337/V107/,done,2026-06-23T01:04:21Z
https://www.tiresandwheels.com/catalog/tires/Goodyear/SC15620/Wrangler-ST/,done,2026-06-23T01:04:21Z
https://www.tiresandwheels.com/catalog/tires/Bridgestone/SC5092/Dueler-H/L-400-RFT/,done,2026-06-23T01:04:21Z
https://www.tiresandwheels.com/catalog/tires/Yokohama/SC13341/Y788R/,done,2026-06-23T01:04:21Z
https://www.tiresandwheels.com/catalog/tires/Goodyear/SC15621/Wrangler-Territory-AT/,done,2026-06-23T01:04:21Z
https://www.tiresandwheels.com/catalog/tires/Bridgestone/SC5101/Alenza-001-RFT/,done,2026-06-23T01:04:21Z
https://www.tiresandwheels.com/catalog/tires/Yokohama/SC15734/RY617/,done,2026-06-23T01:04:21Z
https://www.tiresandwheels.com/catalog/tires/Goodyear/SC15622/Wrangler-Territory-HT/,done,2026-06-23T01:04:21Z
https://www.tiresandwheels.com/catalog/tires/Bridgestone/SC5103/Alenza-001/,done,2026-06-23T01:04:21Z
https://www.tiresandwheels.com/catalog/tires/Yokohama/SC15735/S32A/,done,2026-06-23T01:04:21Z
https://www.tiresandwheels.com/catalog/tires/Goodyear/SC15623/Wrangler-Territory-MT/,done,2026-06-23T01:04:21Z
https://www.tiresandwheels.com/catalog/tires/Bridgestone/SC5104/Blizzak-W965/,done,2026-06-23T01:04:21Z
https://www.tiresandwheels.com/catalog/tires/Yokohama/SC15737/TY303A/,done,2026-06-23T01:04:21Z
https://www.tiresandwheels.com/catalog/tires/Goodyear/SC15624/Wrangler-TrailRunner-AT/,done,2026-06-23T01:04:21Z
https://www.tiresandwheels.com/catalog/tires/Bridgestone/SC5107/Dueler-A/T-D693-III/,done,2026-06-23T01:04:21Z
https://www.tiresandwheels.com/catalog/tires/Yokohama/SC15742/YK-CTX/,done,2026-06-23T01:04:21Z
https://www.tiresandwheels.com/catalog/tires/Goodyear/SC15625/Wrangler-Workhorse-AT/,done,2026-06-23T01:04:21Z
https://www.tiresandwheels.com/catalog/tires/Bridgestone/SC5109/Dueler-A/T-RH-S/,done,2026-06-23T01:04:21Z
https://www.tiresandwheels.com/catalog/tires/Yokohama/SC17522/Advan-Neova-AD09/,done,2026-06-23T01:04:21Z
https://www.tiresandwheels.com/catalog/tires/Goodyear/SC19678/Attitude-MT/,done,2026-06-23T01:04:21Z
https://www.tiresandwheels.com/catalog/tires/Bridgestone/SC5110/Dueler-H/L-33/,done,2026-06-23T01:04:21Z
https://www.tiresandwheels.com/catalog/tires/Yokohama/SC17525/BluEarth-V906/,done,2026-06-23T01:04:21Z
https://www.tiresandwheels.com/catalog/tires/Goodyear/SC19679/Eagle-LS/,done,2026-06-23T01:04:21Z
https://www.tiresandwheels.com/catalog/tires/Bridgestone/SC5112/Dueler-H/L-400-EXT/,done,2026-06-23T01:04:21Z
https://www.tiresandwheels.com/catalog/tires/Yokohama/SC17526/BluEarth-Van-A/S-RY61/,done,2026-06-23T01:04:21Z
https://www.tiresandwheels.com/catalog/tires/Goodyear/SC19680/EcoReady/,done,2026-06-23T01:04:21Z
https://www.tiresandwheels.com/catalog/tires/Bridgestone/SC5113/Dueler-H/L-400-MOE/,done,2026-06-23T01:04:21Z
https://www.tiresandwheels.com/catalog/tires/Yokohama/SC17713/Geolandar-A/T-XD/,done,2026-06-23T01:04:21Z
https://www.tiresandwheels.com/catalog/tires/Goodyear/SC19681/ElectricDrive/,done,2026-06-23T01:04:21Z
https://www.tiresandwheels.com/catalog/tires/Bridgestone/SC5114/Dueler-H/L-400/,done,2026-06-23T01:04:21Z
https://www.tiresandwheels.com/catalog/tires/Yokohama/SC18741/Advan-A055/,done,2026-06-23T01:04:21Z
https://www.tiresandwheels.com/catalog/tires/Goodyear/SC19682/ElectricDrive-2/,done,2026-06-23T01:04:21Z
https://www.tiresandwheels.com/catalog/tires/Bridgestone/SC5115/Dueler-H/L-422-Ecopia/,done,2026-06-23T01:04:21Z
https://www.tiresandwheels.com/catalog/tires/Yokohama/SC18742/Geolandar-CV-4S/,done,2026-06-23T01:04:21Z
https://www.tiresandwheels.com/catalog/tires/Goodyear/SC19683/ElectricDrive-GT/,done,2026-06-23T01:04:21Z
https://www.tiresandwheels.com/catalog/tires/Bridgestone/SC5116/Dueler-H/L-Alenza/,done,2026-06-23T01:04:21Z
https://www.tiresandwheels.com/catalog/tires/Yokohama/SC19676/Advan-Sport-EV-AS/,done,2026-06-23T01:04:21Z
https://www.tiresandwheels.com/catalog/tires/Goodyear/SC19685/Ultra-Grip-Plus-SUV/,done,2026-06-23T01:04:21Z
https://www.tiresandwheels.com/catalog/tires/Bridgestone/SC5118/Dueler-H/L-D683/,done,2026-06-23T01:04:21Z
https://www.tiresandwheels.com/catalog/tires/Yokohama/SC19677/Geolandar-AT4/,done,2026-06-23T01:04:21Z
https://www.tiresandwheels.com/catalog/tires/Goodyear/SC19686/Ultra-Grip-9Plus/,done,2026-06-23T01:04:21Z
https://www.tiresandwheels.com/catalog/tires/Bridgestone/SC5119/Dueler-H/P-92A/,done,2026-06-23T01:04:21Z
https://www.tiresandwheels.com/catalog/tires/Yokohama/SC20127/Advan-V35/,done,2026-06-23T01:04:21Z
https://www.tiresandwheels.com/catalog/tires/Goodyear/SC19687/Ultra-Grip-Perf-SUV-Gen1/,done,2026-06-23T01:04:21Z
https://www.tiresandwheels.com/catalog/tires/Bridgestone/SC5120/Dueler-H/P-Sport-AS-RFT/,done,2026-06-23T01:04:21Z
https://www.tiresandwheels.com/catalog/tires/Yokohama/SC20134/Geolandar-HT-G91A/,done,2026-06-23T01:04:21Z
https://www.tiresandwheels.com/catalog/tires/Goodyear/SC19688/Ultra-Grip-Performance-Plus/,done,2026-06-23T01:04:21Z
https://www.tiresandwheels.com/catalog/tires/Bridgestone/SC5121/Dueler-H/P-Sport-AS/,done,2026-06-23T01:04:21Z
https://www.tiresandwheels.com/catalog/tires/Goodyear/SC19690/Ultra-Grip-Performance-Plus-SUV/,done,2026-06-23T01:04:21Z
https://www.tiresandwheels.com/catalog/tires/Bridgestone/SC5123/Dueler-H/P-Sport-Ecopia/,done,2026-06-23T01:04:21Z
https://www.tiresandwheels.com/catalog/tires/Goodyear/SC19691/Ultra-Grip-Performance-Gen1/,done,2026-06-23T01:04:21Z
https://www.tiresandwheels.com/catalog/tires/Bridgestone/SC5124/Dueler-H/P-Sport-Ext/,done,2026-06-23T01:04:21Z
https://www.tiresandwheels.com/catalog/tires/Goodyear/SC19692/Wrangler-AT/,done,2026-06-23T01:04:21Z
https://www.tiresandwheels.com/catalog/tires/Bridgestone/SC5125/Dueler-H/P-Sport-Moe/,done,2026-06-23T01:04:21Z
https://www.tiresandwheels.com/catalog/tires/Goodyear/SC19693/Wrangler-Boulder-MT/,done,2026-06-23T01:04:21Z
https://www.tiresandwheels.com/catalog/tires/Bridgestone/SC5126/Dueler-H/P-Sport-RFT/,done,2026-06-23T01:04:21Z
https://www.tiresandwheels.com/catalog/tires/Goodyear/SC19694/Wrangler-HP-All-Weather/,done,2026-06-23T01:04:21Z
https://www.tiresandwheels.com/catalog/tires/Bridgestone/SC5127/Dueler-H/P-SPORT/,done,2026-06-23T01:04:21Z
https://www.tiresandwheels.com/catalog/tires/Goodyear/SC19695/Wrangler-Steadfast-HT/,done,2026-06-23T01:04:21Z
https://www.tiresandwheels.com/catalog/tires/Bridgestone/SC5128/Dueler-H/T-685/,done,2026-06-23T01:04:21Z
https://www.tiresandwheels.com/catalog/tires/Goodyear/SC19696/Wrangler-Territory-AT/S/,done,2026-06-23T01:04:21Z
https://www.tiresandwheels.com/catalog/tires/Bridgestone/SC5129/Dueler-H/T-D684-II/,done,2026-06-23T01:04:21Z
https://www.tiresandwheels.com/catalog/tires/Goodyear/SC19697/Wrangler-Workhorse-HT/,done,2026-06-23T01:04:21Z
https://www.tiresandwheels.com/catalog/tires/Bridgestone/SC5130/Dueler-H/T-D687/,done,2026-06-23T01:04:21Z
https://www.tiresandwheels.com/catalog/tires/Goodyear/SC20167/Assurance-Weather-Ready-2/,done,2026-06-23T01:04:21Z
https://www.tiresandwheels.com/catalog/tires/Bridgestone/SC5131/Dueler-H/T-D689/,done,2026-06-23T01:04:21Z
https://www.tiresandwheels.com/catalog/tires/Goodyear/SC20169/Eagle-Sport-4S/,done,2026-06-23T01:04:21Z
https://www.tiresandwheels.com/catalog/tires/Bridgestone/SC5132/Dueler-H/T-D840/,done,2026-06-23T01:04:21Z
https://www.tiresandwheels.com/catalog/tires/Goodyear/SC20171/Efficient-Grip-Perf-2/,done,2026-06-23T01:04:21Z
https://www.tiresandwheels.com/catalog/tires/Bridgestone/SC5133/Duravis-M700-HD/,done,2026-06-23T01:04:21Z
https://www.tiresandwheels.com/catalog/tires/Goodyear/SC20176/Ultra-Grip-Performance-3/,done,2026-06-23T01:04:21Z
https://www.tiresandwheels.com/catalog/tires/Bridgestone/SC5139/Duravis-R500-HD/,done,2026-06-23T01:04:21Z
https://www.tiresandwheels.com/catalog/tires/Goodyear/SC20177/Wrangler-Authority-AT/,done,2026-06-23T01:04:21Z
https://www.tiresandwheels.com/catalog/tires/Bridgestone/SC8122/Dueler-A/T-Revo-3/,done,2026-06-23T01:04:21Z
https://www.tiresandwheels.com/catalog/tires/Goodyear/SC20178/Wrangler-Enforcer-AT/,done,2026-06-23T01:04:21Z
https://www.tiresandwheels.com/catalog/tires/Bridgestone/SC8851/Turanza-EL400-02-MOE/,done,2026-06-23T01:04:21Z
https://www.tiresandwheels.com/catalog/tires/Goodyear/SC20179/Wrangler-Territory-RT/,done,2026-06-23T01:04:21Z
https://www.tiresandwheels.com/catalog/tires/Bridgestone/SC14854/Alenza-AS-02/,done,2026-06-23T01:04:21Z
https://www.tiresandwheels.com/catalog/tires/Bridgestone/SC14855/Alenza-Sport-AS/,done,2026-06-23T01:04:21Z
https://www.tiresandwheels.com/catalog/tires/Bridgestone/SC14856/Alenza-Ultra-AS/,done,2026-06-23T01:04:21Z
https://www.tiresandwheels.com/catalog/tires/Bridgestone/SC14857/Blizzak-LT/,done,2026-06-23T01:04:21Z
https://www.tiresandwheels.com/catalog/tires/Bridgestone/SC14858/Blizzak-WS90/,done,2026-06-23T01:04:21Z
https://www.tiresandwheels.com/catalog/tires/Bridgestone/SC14859/Potenza-RE980ASPlus/,done,2026-06-23T01:04:21Z
https://www.tiresandwheels.com/catalog/tires/Bridgestone/SC14860/Potenza-Sport/,done,2026-06-23T01:04:21Z
https://www.tiresandwheels.com/catalog/tires/Bridgestone/SC14861/Turanza-EL440/,done,2026-06-23T01:04:21Z
https://www.tiresandwheels.com/catalog/tires/Bridgestone/SC14862/Turanza-Quiet-Track/,done,2026-06-23T01:04:21Z
https://www.tiresandwheels.com/catalog/tires/Bridgestone/SC15226/Alenza-Sport-AS-RFT/,done,2026-06-23T01:04:21Z
https://www.tiresandwheels.com/catalog/tires/Bridgestone/SC15227/Turanza-LS100-A/,done,2026-06-23T01:04:21Z
https://www.tiresandwheels.com/catalog/tires/Bridgestone/SC15228/V-Steel-Rib-R265/,done,2026-06-23T01:04:21Z
https://www.tiresandwheels.com/catalog/tires/Bridgestone/SC15421/Alenza-H/L-33/,done,2026-06-23T01:04:21Z
https://www.tiresandwheels.com/catalog/tires/Bridgestone/SC15422/Blizzak-LM005/,done,2026-06-23T01:04:21Z
https://www.tiresandwheels.com/catalog/tires/Bridgestone/SC15423/Blizzak-LM80-EVO/,done,2026-06-23T01:04:21Z
https://www.tiresandwheels.com/catalog/tires/Bridgestone/SC15424/DriveGuardPlus/,done,2026-06-23T01:04:21Z
https://www.tiresandwheels.com/catalog/tires/Bridgestone/SC15438/Potenza-S001-SP/,done,2026-06-23T01:04:21Z
https://www.tiresandwheels.com/catalog/tires/Bridgestone/SC15439/Potenza-S001L/,done,2026-06-23T01:04:21Z
https://www.tiresandwheels.com/catalog/tires/Bridgestone/SC15440/Potenza-S005/,done,2026-06-23T01:04:21Z
https://www.tiresandwheels.com/catalog/tires/Bridgestone/SC15441/Potenza-S007A/,done,2026-06-23T01:04:21Z
https://www.tiresandwheels.com/catalog/tires/Bridgestone/SC15451/Turanza-LS100/,done,2026-06-23T01:04:21Z
https://www.tiresandwheels.com/catalog/tires/Bridgestone/SC15452/Turanza-T001/,done,2026-06-23T01:04:21Z
https://www.tiresandwheels.com/catalog/tires/Bridgestone/SC16625/WeatherPeak/,done,2026-06-23T01:04:21Z
https://www.tiresandwheels.com/catalog/tires/Bridgestone/SC19706/Potenza-RE71RS/,done,2026-06-23T01:04:21Z
https://www.tiresandwheels.com/catalog/tires/Bridgestone/SC19707/Potenza-Sport-AS/,done,2026-06-23T01:04:21Z
https://www.tiresandwheels.com/catalog/tires/Bridgestone/SC19708/Turanza-EV/,done,2026-06-23T01:04:21Z
https://www.tiresandwheels.com/catalog/tires/Bridgestone/SC20168/Dueler-AT-Ascent/,done,2026-06-23T01:04:21Z
